PRAGMA foreign_keys=OFF;
BEGIN TRANSACTION;
CREATE TABLE IF NOT EXISTS `django_migrations` (`id` integer NOT NULL PRIMARY KEY AUTO_INCREMENT, `app` varchar(255) NOT NULL, `name` varchar(255) NOT NULL, `applied` datetime NOT NULL);
INSERT INTO django_migrations VALUES(1,'contenttypes','0001_initial','2024-11-19 09:46:13.862343');
INSERT INTO django_migrations VALUES(2,'auth','0001_initial','2024-11-19 09:46:13.881535');
INSERT INTO django_migrations VALUES(3,'academic','0001_initial','2024-11-19 09:46:13.903966');
INSERT INTO django_migrations VALUES(4,'teacher','0001_initial','2024-11-19 09:46:13.969000');
INSERT INTO django_migrations VALUES(5,'teacher','0002_auto_20241005_1503','2024-11-19 09:46:14.030013');
INSERT INTO django_migrations VALUES(6,'teacher','0003_auto_20241009_2314','2024-11-19 09:46:14.049551');
INSERT INTO django_migrations VALUES(7,'address','0001_initial','2024-11-19 09:46:14.064036');
INSERT INTO django_migrations VALUES(8,'address','0002_auto_20241005_1503','2024-11-19 09:46:14.081993');
INSERT INTO django_migrations VALUES(9,'academic','0002_auto_20241005_1503','2024-11-19 09:46:14.180612');
INSERT INTO django_migrations VALUES(10,'academic','0003_auto_20241007_2359','2024-11-19 09:46:14.215247');
INSERT INTO django_migrations VALUES(11,'learner','0001_initial','2024-11-19 09:46:14.258836');
INSERT INTO django_migrations VALUES(12,'academic','0004_remove_learner_class_registration','2024-11-19 09:46:14.283818');
INSERT INTO django_migrations VALUES(13,'learner','0002_auto_20241009_0038','2024-11-19 09:46:14.489821');
INSERT INTO django_migrations VALUES(14,'learner','0003_auto_20241009_2314','2024-11-19 09:46:14.540105');
INSERT INTO django_migrations VALUES(15,'address','0003_auto_20241015_0014','2024-11-19 09:46:14.593830');
INSERT INTO django_migrations VALUES(16,'attendance','0001_initial','2024-11-19 09:46:14.616253');
INSERT INTO django_migrations VALUES(17,'attendance','0002_auto_20241005_1503','2024-11-19 09:46:14.627254');
INSERT INTO django_migrations VALUES(18,'attendance','0003_auto_20241009_0038','2024-11-19 09:46:14.650301');
INSERT INTO django_migrations VALUES(19,'academic','0005_delete_learner','2024-11-19 09:46:14.656652');
INSERT INTO django_migrations VALUES(20,'academic','0006_auto_20241009_2314','2024-11-19 09:46:14.662650');
INSERT INTO django_migrations VALUES(21,'academic','0007_auto_20241015_0014','2024-11-19 09:46:14.780335');
INSERT INTO django_migrations VALUES(22,'learner','0004_auto_20241015_0014','2024-11-19 09:46:15.065928');
INSERT INTO django_migrations VALUES(23,'center_manager','0001_initial','2024-11-19 09:46:15.071933');
INSERT INTO django_migrations VALUES(24,'center_manager','0002_auto_20241005_1503','2024-11-19 09:46:15.080143');
INSERT INTO django_migrations VALUES(25,'center_manager','0003_auto_20241015_0014','2024-11-19 09:46:15.114005');
INSERT INTO django_migrations VALUES(26,'teacher','0004_auto_20241015_0014','2024-11-19 09:46:15.361723');
INSERT INTO django_migrations VALUES(27,'result','0001_initial','2024-11-19 09:46:15.386058');
INSERT INTO django_migrations VALUES(28,'result','0002_auto_20241015_0014','2024-11-19 09:46:15.412350');
INSERT INTO django_migrations VALUES(29,'attendance','0004_auto_20241015_0014','2024-11-19 09:46:15.511986');
INSERT INTO django_migrations VALUES(30,'academic','0008_auto_20241015_0014','2024-11-19 09:46:15.615672');
INSERT INTO django_migrations VALUES(31,'academic','0009_auto_20241015_0022','2024-11-19 09:46:15.639994');
INSERT INTO django_migrations VALUES(32,'academic','0010_auto_20241015_2052','2024-11-19 09:46:15.720007');
INSERT INTO django_migrations VALUES(33,'academic','0011_auto_20241031_1608','2024-11-19 09:46:15.832989');
INSERT INTO django_migrations VALUES(34,'account','0001_initial','2024-11-19 09:46:15.857584');
INSERT INTO django_migrations VALUES(35,'account','0002_auto_20241005_1503','2024-11-19 09:46:15.876488');
INSERT INTO django_migrations VALUES(36,'account','0003_auto_20241009_2314','2024-11-19 09:46:15.886784');
INSERT INTO django_migrations VALUES(37,'account','0004_alter_userprofile_id','2024-11-19 09:46:15.903681');
INSERT INTO django_migrations VALUES(38,'employee','0001_initial','2024-11-19 09:46:15.974196');
INSERT INTO django_migrations VALUES(39,'employee','0002_auto_20241015_0014','2024-11-19 09:46:16.106215');
INSERT INTO django_migrations VALUES(40,'address','0004_auto_20241015_0014','2024-11-19 09:46:16.138811');
INSERT INTO django_migrations VALUES(41,'address','0005_auto_20241015_0111','2024-11-19 09:46:16.147813');
INSERT INTO django_migrations VALUES(42,'address','0006_auto_20241031_1608','2024-11-19 09:46:16.243556');
INSERT INTO django_migrations VALUES(43,'admin','0001_initial','2024-11-19 09:46:16.272534');
INSERT INTO django_migrations VALUES(44,'admin','0002_logentry_remove_auto_add','2024-11-19 09:46:16.286853');
INSERT INTO django_migrations VALUES(45,'admin','0003_logentry_add_action_flag_choices','2024-11-19 09:46:16.300860');
INSERT INTO django_migrations VALUES(46,'teacher','0005_auto_20241017_0047','2024-11-19 09:46:16.362192');
INSERT INTO django_migrations VALUES(47,'learner','0005_auto_20241015_2052','2024-11-19 09:46:16.383193');
INSERT INTO django_migrations VALUES(48,'learner','0006_auto_20241017_0120','2024-11-19 09:46:16.445787');
INSERT INTO django_migrations VALUES(49,'learner','0007_remove_disability_learners','2024-11-19 09:46:16.472313');
INSERT INTO django_migrations VALUES(50,'learner','0008_auto_20241017_2056','2024-11-19 09:46:16.518744');
INSERT INTO django_migrations VALUES(51,'learner','0009_auto_20241017_2312','2024-11-19 09:46:16.547933');
INSERT INTO django_migrations VALUES(52,'center_manager','0004_auto_20241017_0051','2024-11-19 09:46:16.607839');
INSERT INTO django_migrations VALUES(53,'center_manager','0005_centermanager_user','2024-11-19 09:46:16.639392');
INSERT INTO django_migrations VALUES(54,'learner','0010_learner_center','2024-11-19 09:46:16.669243');
INSERT INTO django_migrations VALUES(55,'teacher','0006_auto_20241018_0151','2024-11-19 09:46:16.763042');
INSERT INTO django_migrations VALUES(56,'attendance','0005_auto_20241015_0056','2024-11-19 09:46:16.787549');
INSERT INTO django_migrations VALUES(57,'attendance','0006_auto_20241015_0111','2024-11-19 09:46:16.815427');
INSERT INTO django_migrations VALUES(58,'attendance','0007_auto_20241019_2231','2024-11-19 09:46:16.946388');
INSERT INTO django_migrations VALUES(59,'attendance','0008_auto_20241020_1909','2024-11-19 09:46:16.964573');
INSERT INTO django_migrations VALUES(60,'attendance','0009_alter_learnerattendance_id','2024-11-19 09:46:16.992836');
INSERT INTO django_migrations VALUES(61,'contenttypes','0002_remove_content_type_name','2024-11-19 09:46:17.033792');
INSERT INTO django_migrations VALUES(62,'auth','0002_alter_permission_name_max_length','2024-11-19 09:46:17.063212');
INSERT INTO django_migrations VALUES(63,'auth','0003_alter_user_email_max_length','2024-11-19 09:46:17.083688');
INSERT INTO django_migrations VALUES(64,'auth','0004_alter_user_username_opts','2024-11-19 09:46:17.098685');
INSERT INTO django_migrations VALUES(65,'auth','0005_alter_user_last_login_null','2024-11-19 09:46:17.120081');
INSERT INTO django_migrations VALUES(66,'auth','0006_require_contenttypes_0002','2024-11-19 09:46:17.125193');
INSERT INTO django_migrations VALUES(67,'auth','0007_alter_validators_add_error_messages','2024-11-19 09:46:17.139200');
INSERT INTO django_migrations VALUES(68,'auth','0008_alter_user_username_max_length','2024-11-19 09:46:17.157960');
INSERT INTO django_migrations VALUES(69,'auth','0009_alter_user_last_name_max_length','2024-11-19 09:46:17.178356');
INSERT INTO django_migrations VALUES(70,'auth','0010_alter_group_name_max_length','2024-11-19 09:46:17.206243');
INSERT INTO django_migrations VALUES(71,'auth','0011_update_proxy_permissions','2024-11-19 09:46:17.231094');
INSERT INTO django_migrations VALUES(72,'auth','0012_alter_user_first_name_max_length','2024-11-19 09:46:17.252318');
INSERT INTO django_migrations VALUES(73,'center_manager','0006_auto_20241031_1608','2024-11-19 09:46:17.366161');
INSERT INTO django_migrations VALUES(74,'learner','0011_auto_20241031_1608','2024-11-19 09:46:17.462670');
INSERT INTO django_migrations VALUES(75,'result','0003_alter_subjectregistration_id','2024-11-19 09:46:17.479178');
INSERT INTO django_migrations VALUES(76,'sessions','0001_initial','2024-11-19 09:46:17.489523');
INSERT INTO django_migrations VALUES(77,'teacher','0007_auto_20241031_1608','2024-11-19 09:46:17.573367');
INSERT INTO django_migrations VALUES(78,'learner','0012_learner_documents','2025-01-08 04:34:20.212947');
INSERT INTO django_migrations VALUES(79,'learner','0013_learner_user','2025-01-13 12:52:44.599984');
INSERT INTO django_migrations VALUES(80,'academic','0012_alter_session_day','2025-01-18 14:19:37.163286');
INSERT INTO django_migrations VALUES(81,'learner','0014_alter_learner_documents','2025-01-18 14:19:37.209914');
INSERT INTO django_migrations VALUES(82,'teacher','0008_timesheet_approved','2025-01-18 14:19:37.239406');
INSERT INTO django_migrations VALUES(83,'learner','0015_alter_learner_disabilities','2025-01-20 16:02:51.488514');
INSERT INTO django_migrations VALUES(84,'learner','0016_rename_birth_certificate_no_learner_id_no','2025-01-22 16:13:58.017212');
CREATE TABLE IF NOT EXISTS `auth_group_permissions` (`id` integer NOT NULL PRIMARY KEY AUTO_INCREMENT, `group_id` integer NOT NULL REFERENCES `auth_group` (`id`) DEFERRABLE INITIALLY DEFERRED, `permission_id` integer NOT NULL REFERENCES `auth_permission` (`id`) DEFERRABLE INITIALLY DEFERRED);
CREATE TABLE IF NOT EXISTS `auth_user_groups` (`id` integer NOT NULL PRIMARY KEY AUTO_INCREMENT, `user_id` integer NOT NULL REFERENCES `auth_user` (`id`) DEFERRABLE INITIALLY DEFERRED, `group_id` integer NOT NULL REFERENCES `auth_group` (`id`) DEFERRABLE INITIALLY DEFERRED);
CREATE TABLE IF NOT EXISTS `auth_user_user_permissions` (`id` integer NOT NULL PRIMARY KEY AUTO_INCREMENT, `user_id` integer NOT NULL REFERENCES `auth_user` (`id`) DEFERRABLE INITIALLY DEFERRED, `permission_id` integer NOT NULL REFERENCES `auth_permission` (`id`) DEFERRABLE INITIALLY DEFERRED);
CREATE TABLE IF NOT EXISTS `learner_parentguardian_learners` (`id` integer NOT NULL PRIMARY KEY AUTO_INCREMENT, `parentguardian_id` integer NOT NULL REFERENCES `learner_parentguardian` (`id`) DEFERRABLE INITIALLY DEFERRED, `learner_id` integer NOT NULL REFERENCES `learner_learner` (`id`) DEFERRABLE INITIALLY DEFERRED);
CREATE TABLE IF NOT EXISTS `teacher_teacher_subjects_taught` (`id` integer NOT NULL PRIMARY KEY AUTO_INCREMENT, `teacher_id` integer NOT NULL REFERENCES `teacher_teacher` (`id`) DEFERRABLE INITIALLY DEFERRED, `subject_id` integer NOT NULL REFERENCES `academic_subject` (`id`) DEFERRABLE INITIALLY DEFERRED);
INSERT INTO teacher_teacher_subjects_taught VALUES(2,7,1);
INSERT INTO teacher_teacher_subjects_taught VALUES(3,8,2);
INSERT INTO teacher_teacher_subjects_taught VALUES(4,9,1);
INSERT INTO teacher_teacher_subjects_taught VALUES(5,10,1);
INSERT INTO teacher_teacher_subjects_taught VALUES(6,11,2);
INSERT INTO teacher_teacher_subjects_taught VALUES(7,12,1);
INSERT INTO teacher_teacher_subjects_taught VALUES(8,13,1);
INSERT INTO teacher_teacher_subjects_taught VALUES(9,14,1);
INSERT INTO teacher_teacher_subjects_taught VALUES(10,15,2);
INSERT INTO teacher_teacher_subjects_taught VALUES(11,16,2);
INSERT INTO teacher_teacher_subjects_taught VALUES(12,17,2);
INSERT INTO teacher_teacher_subjects_taught VALUES(13,18,1);
INSERT INTO teacher_teacher_subjects_taught VALUES(14,19,1);
INSERT INTO teacher_teacher_subjects_taught VALUES(15,20,1);
INSERT INTO teacher_teacher_subjects_taught VALUES(16,21,2);
CREATE TABLE IF NOT EXISTS `teacher_classroom_learners` (`id` integer NOT NULL PRIMARY KEY AUTO_INCREMENT, `classroom_id` integer NOT NULL REFERENCES `teacher_classroom` (`id`) DEFERRABLE INITIALLY DEFERRED, `learner_id` integer NOT NULL REFERENCES `learner_learner` (`id`) DEFERRABLE INITIALLY DEFERRED);
INSERT INTO teacher_classroom_learners VALUES(12,8,12);
INSERT INTO teacher_classroom_learners VALUES(13,8,13);
INSERT INTO teacher_classroom_learners VALUES(14,8,14);
INSERT INTO teacher_classroom_learners VALUES(15,8,15);
INSERT INTO teacher_classroom_learners VALUES(16,8,16);
INSERT INTO teacher_classroom_learners VALUES(17,9,17);
INSERT INTO teacher_classroom_learners VALUES(18,9,18);
INSERT INTO teacher_classroom_learners VALUES(19,9,19);
INSERT INTO teacher_classroom_learners VALUES(20,9,20);
INSERT INTO teacher_classroom_learners VALUES(21,9,21);
INSERT INTO teacher_classroom_learners VALUES(22,10,22);
INSERT INTO teacher_classroom_learners VALUES(23,10,23);
INSERT INTO teacher_classroom_learners VALUES(24,10,24);
INSERT INTO teacher_classroom_learners VALUES(25,10,25);
INSERT INTO teacher_classroom_learners VALUES(26,10,26);
INSERT INTO teacher_classroom_learners VALUES(27,11,27);
INSERT INTO teacher_classroom_learners VALUES(28,11,28);
INSERT INTO teacher_classroom_learners VALUES(29,11,29);
INSERT INTO teacher_classroom_learners VALUES(30,11,30);
INSERT INTO teacher_classroom_learners VALUES(31,11,31);
CREATE TABLE IF NOT EXISTS `academic_department` (`id` integer NOT NULL PRIMARY KEY AUTO_INCREMENT, `name` varchar(100) NOT NULL UNIQUE, `created` date NOT NULL);
INSERT INTO academic_department VALUES(1,'Math Department','2024-11-19');
INSERT INTO academic_department VALUES(2,'Physical Science Department','2024-11-19');
CREATE TABLE IF NOT EXISTS `academic_grade` (`id` integer NOT NULL PRIMARY KEY AUTO_INCREMENT, `grade` varchar(2) NOT NULL UNIQUE, `created` date NOT NULL);
INSERT INTO academic_grade VALUES(1,'10','2024-11-19');
INSERT INTO academic_grade VALUES(2,'11','2024-11-19');
INSERT INTO academic_grade VALUES(3,'12','2024-11-19');
CREATE TABLE IF NOT EXISTS `academic_nationality` (`id` integer NOT NULL PRIMARY KEY AUTO_INCREMENT, `nationality` varchar(2) NOT NULL, `created` date NOT NULL);
INSERT INTO academic_nationality VALUES(1,'IT','2024-11-19');
INSERT INTO academic_nationality VALUES(2,'ZA','2024-11-19');
CREATE TABLE IF NOT EXISTS `academic_registration` (`id` integer NOT NULL PRIMARY KEY AUTO_INCREMENT, `registration_number` integer unsigned NULL UNIQUE CHECK (`registration_number` >= 0), `registration_date` datetime NOT NULL, `status` varchar(20) NOT NULL, `fees_paid` decimal NOT NULL, `notes` text NULL, `center_id` integer NULL REFERENCES `center_manager_center` (`id`) DEFERRABLE INITIALLY DEFERRED, `learner_id` integer NOT NULL REFERENCES `learner_learner` (`id`) DEFERRABLE INITIALLY DEFERRED);
CREATE TABLE IF NOT EXISTS `academic_subject` (`id` integer NOT NULL PRIMARY KEY AUTO_INCREMENT, `subject` varchar(21) NOT NULL UNIQUE, `created` date NOT NULL);
INSERT INTO academic_subject VALUES(1,'Mathematics','2024-11-19');
INSERT INTO academic_subject VALUES(2,'Physical Science','2024-11-19');
INSERT INTO academic_subject VALUES(3,'Physical Science Exam','2024-12-12');
CREATE TABLE IF NOT EXISTS `account_userprofile` (`id` integer NOT NULL PRIMARY KEY AUTO_INCREMENT, `name` varchar(45) NOT NULL, `photo` varchar(100) NOT NULL, `gender` varchar(6) NOT NULL, `employee_type` varchar(15) NOT NULL, `user_id` integer NOT NULL UNIQUE REFERENCES `auth_user` (`id`) DEFERRABLE INITIALLY DEFERRED);
CREATE TABLE IF NOT EXISTS `address_address` (`id` integer NOT NULL PRIMARY KEY AUTO_INCREMENT, `street` varchar(100) NOT NULL, `city` varchar(100) NOT NULL, `postal_code` varchar(10) NOT NULL, `unit_number` varchar(20) NULL, `building_name` varchar(100) NULL, `street_number` varchar(20) NULL, `created` date NOT NULL, `province_id` integer NULL REFERENCES `address_province` (`id`) DEFERRABLE INITIALLY DEFERRED);
INSERT INTO address_address VALUES(1,'Main Street','Cape Town','8001','8',NULL,NULL,'2024-11-19',6);
INSERT INTO address_address VALUES(2,'Main Street','Cape Town','8001','8',NULL,NULL,'2024-11-19',6);
INSERT INTO address_address VALUES(3,'Main Street','Cape Town','8001','17',NULL,NULL,'2024-11-19',3);
INSERT INTO address_address VALUES(4,'Main Street','Cape Town','8001','16',NULL,NULL,'2024-11-19',2);
INSERT INTO address_address VALUES(5,'Main Street','Cape Town','8001','5',NULL,NULL,'2024-11-19',1);
INSERT INTO address_address VALUES(6,'1st Street','Pretoria','0152','19','One','1234','2024-11-19',2);
INSERT INTO address_address VALUES(7,'Strata','Pretoria','0152','123','cenmanone','321','2024-11-19',2);
INSERT INTO address_address VALUES(8,'Street','Pretoria','0152','012','OhOne','7894','2024-11-19',2);
INSERT INTO address_address VALUES(9,'DOBSONVILLE GARDENS','DOBSONVILLE','0000','4','Kutlwanong','411 JASMINE STREET,','2024-11-26',2);
CREATE TABLE IF NOT EXISTS `address_province` (`id` integer NOT NULL PRIMARY KEY AUTO_INCREMENT, `province` varchar(50) NULL UNIQUE, `created` date NOT NULL);
INSERT INTO address_province VALUES(1,'EC','2024-11-19');
INSERT INTO address_province VALUES(2,'GP','2024-11-19');
INSERT INTO address_province VALUES(3,'KZN','2024-11-19');
INSERT INTO address_province VALUES(4,'WC','2024-11-19');
INSERT INTO address_province VALUES(5,'FS','2024-11-19');
INSERT INTO address_province VALUES(6,'NW','2024-11-19');
INSERT INTO address_province VALUES(7,'NC','2024-11-19');
INSERT INTO address_province VALUES(8,'MP','2024-11-19');
CREATE TABLE IF NOT EXISTS `django_admin_log` (`id` integer NOT NULL PRIMARY KEY AUTO_INCREMENT, `object_id` text NULL, `object_repr` varchar(200) NOT NULL, `action_flag` smallint unsigned NOT NULL CHECK (`action_flag` >= 0), `change_message` text NOT NULL, `content_type_id` integer NULL REFERENCES `django_content_type` (`id`) DEFERRABLE INITIALLY DEFERRED, `user_id` integer NOT NULL REFERENCES `auth_user` (`id`) DEFERRABLE INITIALLY DEFERRED, `action_time` datetime NOT NULL);
INSERT INTO django_admin_log VALUES(1,'10','teacher',1,'[{`added`: {}}]',4,9,'2024-11-19 11:43:50.309733');
INSERT INTO django_admin_log VALUES(2,'6','1st Street, 0152, Pretoria, GP',1,'[{`added`: {}}]',27,9,'2024-11-19 11:46:34.624777');
INSERT INTO django_admin_log VALUES(3,'2','South Africa',1,'[{`added`: {}}]',23,9,'2024-11-19 11:47:21.714264');
INSERT INTO django_admin_log VALUES(4,'6','Lebitso Sefane',1,'[{`added`: {}}]',11,9,'2024-11-19 11:47:29.667777');
INSERT INTO django_admin_log VALUES(5,'11','1stLearner 1stSurname',1,'[{`added`: {}}]',15,9,'2024-11-19 11:52:14.428751');
INSERT INTO django_admin_log VALUES(6,'4','Lebitso Sefane: Grade 10 - Mathematics',1,'[{`added`: {}}]',14,9,'2024-11-19 11:52:20.012661');
INSERT INTO django_admin_log VALUES(7,'11','kecenter',1,'[{`added`: {}}]',4,9,'2024-11-19 11:55:02.472203');
INSERT INTO django_admin_log VALUES(8,'7','Strata, 0152, Pretoria, GP',1,'[{`added`: {}}]',27,9,'2024-11-19 11:56:10.000093');
INSERT INTO django_admin_log VALUES(9,'4','cenman1 cenmansur1',1,'[{`added`: {}}]',9,9,'2024-11-19 11:56:29.071040');
INSERT INTO django_admin_log VALUES(10,'8','Street, 0152, Pretoria, GP',1,'[{`added`: {}}]',27,9,'2024-11-19 11:58:38.930008');
INSERT INTO django_admin_log VALUES(11,'4','CenterKutlwanong',1,'[{`added`: {}}]',8,9,'2024-11-19 11:58:41.700952');
INSERT INTO django_admin_log VALUES(12,'4','teacher0',2,'[{`changed`: {`fields`: [`password`]}}]',4,9,'2024-11-19 12:17:45.629628');
INSERT INTO django_admin_log VALUES(13,'4','teacher0',2,'[{`changed`: {`fields`: [`Staff status`]}}]',4,9,'2024-11-19 12:19:49.354562');
INSERT INTO django_admin_log VALUES(14,'1','Teacher0 Surname0: Grade 11 - Physical Science',2,'[{`changed`: {`fields`: [`Learners`]}}]',14,9,'2024-11-19 12:29:16.836064');
INSERT INTO django_admin_log VALUES(15,'2','Teacher0 Surname0: Grade 12 - Physical Science',2,'[{`changed`: {`fields`: [`Learners`]}}]',14,9,'2024-11-19 12:29:36.630213');
INSERT INTO django_admin_log VALUES(16,'1','center_manager1',2,'[{`changed`: {`fields`: [`password`]}}]',4,9,'2024-11-19 12:33:09.442121');
INSERT INTO django_admin_log VALUES(17,'1','center_manager1',2,'[{`changed`: {`fields`: [`Staff status`]}}]',4,9,'2024-11-19 12:35:23.445004');
INSERT INTO django_admin_log VALUES(18,'2','center_manager2',2,'[{`changed`: {`fields`: [`password`]}}]',4,9,'2024-11-20 18:58:07.056483');
INSERT INTO django_admin_log VALUES(19,'3','center_manager3',2,'[{`changed`: {`fields`: [`password`]}}]',4,9,'2024-11-20 18:58:17.986653');
INSERT INTO django_admin_log VALUES(20,'5','teacher1',2,'[{`changed`: {`fields`: [`password`]}}]',4,9,'2024-11-20 18:58:37.980363');
INSERT INTO django_admin_log VALUES(21,'6','teacher2',2,'[{`changed`: {`fields`: [`password`]}}]',4,9,'2024-11-20 18:58:49.738191');
INSERT INTO django_admin_log VALUES(22,'7','teacher3',2,'[{`changed`: {`fields`: [`password`]}}]',4,9,'2024-11-20 18:59:00.451653');
INSERT INTO django_admin_log VALUES(23,'8','teacher4',2,'[{`changed`: {`fields`: [`password`]}}]',4,9,'2024-11-20 18:59:14.699927');
INSERT INTO django_admin_log VALUES(24,'1','center_manager1',2,'[{`changed`: {`fields`: [`password`]}}]',4,9,'2024-11-20 19:02:25.640193');
INSERT INTO django_admin_log VALUES(25,'2','center_manager2',2,'[{`changed`: {`fields`: [`password`]}}]',4,9,'2024-11-20 19:03:30.165363');
INSERT INTO django_admin_log VALUES(26,'3','center_manager3',2,'[{`changed`: {`fields`: [`password`]}}]',4,9,'2024-11-20 19:03:43.843837');
INSERT INTO django_admin_log VALUES(27,'5','teacher1',2,'[{`changed`: {`fields`: [`password`]}}]',4,9,'2024-11-20 19:12:59.830931');
INSERT INTO django_admin_log VALUES(28,'6','teacher2',2,'[{`changed`: {`fields`: [`password`]}}]',4,9,'2024-11-20 19:13:14.458587');
INSERT INTO django_admin_log VALUES(29,'7','teacher3',2,'[{`changed`: {`fields`: [`password`]}}]',4,9,'2024-11-20 19:13:26.416282');
INSERT INTO django_admin_log VALUES(30,'8','teacher4',2,'[{`changed`: {`fields`: [`password`]}}]',4,9,'2024-11-20 19:13:51.467007');
INSERT INTO django_admin_log VALUES(31,'5','Teacher1 Surname1: Grade 10 - Physical Science',1,'[{`added`: {}}]',14,9,'2024-11-20 19:15:19.255874');
INSERT INTO django_admin_log VALUES(32,'6','Teacher2 Surname2: Grade 11 - Mathematics',1,'[{`added`: {}}]',14,9,'2024-11-20 19:16:01.802478');
INSERT INTO django_admin_log VALUES(33,'7','Teacher4 Surname4: Grade 12 - Mathematics',1,'[{`added`: {}}]',14,9,'2024-11-20 19:16:39.798616');
INSERT INTO django_admin_log VALUES(34,'5','Moeketsi Raboroko',1,'[{`added`: {}}]',9,9,'2024-11-26 14:01:53.275791');
INSERT INTO django_admin_log VALUES(35,'9','DOBSONVILLE GARDENS, 0000, DOBSONVILLE, GP',1,'[{`added`: {}}]',27,9,'2024-11-26 14:07:06.542294');
INSERT INTO django_admin_log VALUES(36,'5','DOBSONVILLE',1,'[{`added`: {}}]',8,9,'2024-11-26 14:07:13.044886');
INSERT INTO django_admin_log VALUES(37,'12','Eric',1,'[{`added`: {}}]',4,9,'2024-11-26 19:06:16.464612');
INSERT INTO django_admin_log VALUES(38,'7','Eric Chauke',1,'[{`added`: {}}]',11,9,'2024-11-26 19:09:30.620760');
INSERT INTO django_admin_log VALUES(39,'13','Livhuwani',1,'[{`added`: {}}]',4,9,'2024-11-26 19:10:43.992701');
INSERT INTO django_admin_log VALUES(40,'8','Livhuwani Chauke',1,'[{`added`: {}}]',11,9,'2024-11-26 19:13:11.974348');
INSERT INTO django_admin_log VALUES(41,'14','Thomas',1,'[{`added`: {}}]',4,9,'2024-11-26 19:13:53.935684');
INSERT INTO django_admin_log VALUES(42,'9','Thomas Chauke',1,'[{`added`: {}}]',11,9,'2024-11-26 19:15:16.746745');
INSERT INTO django_admin_log VALUES(43,'15','Duze',1,'[{`added`: {}}]',4,9,'2024-11-26 19:15:52.451173');
INSERT INTO django_admin_log VALUES(44,'10','Duze Dube',1,'[{`added`: {}}]',11,9,'2024-11-26 19:17:47.625026');
INSERT INTO django_admin_log VALUES(45,'16','Claude',1,'[{`added`: {}}]',4,9,'2024-11-26 19:19:26.367934');
INSERT INTO django_admin_log VALUES(46,'11','Claude Kasendu',1,'[{`added`: {}}]',11,9,'2024-11-26 19:20:57.356706');
INSERT INTO django_admin_log VALUES(47,'1','center_manager1',3,'',4,9,'2024-11-26 19:23:26.925541');
INSERT INTO django_admin_log VALUES(48,'2','center_manager2',3,'',4,9,'2024-11-26 19:23:26.925541');
INSERT INTO django_admin_log VALUES(49,'3','center_manager3',3,'',4,9,'2024-11-26 19:23:26.925541');
INSERT INTO django_admin_log VALUES(50,'11','kecenter',3,'',4,9,'2024-11-26 19:23:26.925541');
INSERT INTO django_admin_log VALUES(51,'10','teacher',3,'',4,9,'2024-11-26 19:23:26.925541');
INSERT INTO django_admin_log VALUES(52,'4','teacher0',3,'',4,9,'2024-11-26 19:23:26.925541');
INSERT INTO django_admin_log VALUES(53,'5','teacher1',3,'',4,9,'2024-11-26 19:23:26.925541');
INSERT INTO django_admin_log VALUES(54,'6','teacher2',3,'',4,9,'2024-11-26 19:23:26.925541');
INSERT INTO django_admin_log VALUES(55,'7','teacher3',3,'',4,9,'2024-11-26 19:23:26.925541');
INSERT INTO django_admin_log VALUES(56,'8','teacher4',3,'',4,9,'2024-11-26 19:23:26.925541');
INSERT INTO django_admin_log VALUES(57,'12','Linda Andiswa',1,'[{`added`: {}}]',15,9,'2024-11-26 19:33:59.873849');
INSERT INTO django_admin_log VALUES(58,'13','Luthuli Khethokuhle Zamani',1,'[{`added`: {}}]',15,9,'2024-11-26 19:36:26.308120');
INSERT INTO django_admin_log VALUES(59,'14','Molefe Olebogeng',1,'[{`added`: {}}]',15,9,'2024-11-26 19:38:19.951093');
INSERT INTO django_admin_log VALUES(60,'15','Mthetwa Celimpilo',1,'[{`added`: {}}]',15,9,'2024-11-26 19:39:58.087263');
INSERT INTO django_admin_log VALUES(61,'16','Mzizi Nontobeko',1,'[{`added`: {}}]',15,9,'2024-11-26 19:41:01.324073');
INSERT INTO django_admin_log VALUES(62,'17','Sereko Bongani Hector',1,'[{`added`: {}}]',15,9,'2024-11-26 19:42:03.418440');
INSERT INTO django_admin_log VALUES(63,'18','Sakumuzi Hlongwane',1,'[{`added`: {}}]',15,9,'2024-11-26 19:43:05.666098');
INSERT INTO django_admin_log VALUES(64,'19','Jele Uyanda',1,'[{`added`: {}}]',15,9,'2024-11-26 19:44:30.418491');
INSERT INTO django_admin_log VALUES(65,'20','Simphiwe Teamo',1,'[{`added`: {}}]',15,9,'2024-11-26 19:45:47.616083');
INSERT INTO django_admin_log VALUES(66,'21','Maphosa Lunga Brandon',1,'[{`added`: {}}]',15,9,'2024-11-26 19:47:11.651785');
INSERT INTO django_admin_log VALUES(67,'22','Mazomba Smangaliso Surprise',1,'[{`added`: {}}]',15,9,'2024-11-26 19:48:40.418698');
INSERT INTO django_admin_log VALUES(68,'23','Mbabane Omhle',1,'[{`added`: {}}]',15,9,'2024-11-26 19:50:03.210508');
INSERT INTO django_admin_log VALUES(69,'24','Mtabane Noncedo',1,'[{`added`: {}}]',15,9,'2024-11-26 19:51:54.059200');
INSERT INTO django_admin_log VALUES(70,'25','Mthembu Lindokuhle',1,'[{`added`: {}}]',15,9,'2024-11-26 19:53:34.897575');
INSERT INTO django_admin_log VALUES(71,'26','Mtshali Simphiwe',1,'[{`added`: {}}]',15,9,'2024-11-26 19:54:19.125527');
INSERT INTO django_admin_log VALUES(72,'27','Mtshali Lungile',1,'[{`added`: {}}]',15,9,'2024-11-26 19:55:34.830201');
INSERT INTO django_admin_log VALUES(73,'28','Ndaleni Avela',1,'[{`added`: {}}]',15,9,'2024-11-26 19:56:46.657528');
INSERT INTO django_admin_log VALUES(74,'29','Ndlovu Bonginkosi Godknows',1,'[{`added`: {}}]',15,9,'2024-11-26 19:58:47.255922');
INSERT INTO django_admin_log VALUES(75,'30','Ncai Unathi Edith',1,'[{`added`: {}}]',15,9,'2024-11-26 20:00:12.453015');
INSERT INTO django_admin_log VALUES(76,'31','Ngubane Njabulo Gcina',1,'[{`added`: {}}]',15,9,'2024-11-26 20:01:45.437101');
INSERT INTO django_admin_log VALUES(77,'8','Eric Chauke: Grade 12 - Mathematics',1,'[{`added`: {}}]',14,9,'2024-11-27 07:25:35.461753');
INSERT INTO django_admin_log VALUES(78,'9','Duze Dube: Grade 10 - Physical Science',1,'[{`added`: {}}]',14,9,'2024-11-27 07:26:41.329675');
INSERT INTO django_admin_log VALUES(79,'10','Claude Kasendu: Grade 11 - Mathematics',1,'[{`added`: {}}]',14,9,'2024-11-27 07:27:16.807746');
INSERT INTO django_admin_log VALUES(80,'11','Thomas Chauke: Grade 12 - Physical Science',1,'[{`added`: {}}]',14,9,'2024-11-27 07:27:52.241145');
INSERT INTO django_admin_log VALUES(81,'1','Eric at DOBSONVILLE',1,'[{`added`: {}}]',12,9,'2024-11-27 08:51:19.518175');
INSERT INTO django_admin_log VALUES(82,'2','Livhuwani at DOBSONVILLE',1,'[{`added`: {}}]',12,9,'2024-11-27 08:51:35.774831');
INSERT INTO django_admin_log VALUES(83,'3','Thomas at DOBSONVILLE',1,'[{`added`: {}}]',12,9,'2024-11-27 08:52:06.074517');
INSERT INTO django_admin_log VALUES(84,'4','Duze at DOBSONVILLE',1,'[{`added`: {}}]',12,9,'2024-11-27 08:52:21.303383');
INSERT INTO django_admin_log VALUES(85,'5','Claude at DOBSONVILLE',1,'[{`added`: {}}]',12,9,'2024-11-27 08:52:44.956559');
INSERT INTO django_admin_log VALUES(86,'32','Ngubane Njabulo Gcina',1,'[{`added`: {}}]',15,9,'2024-12-02 14:35:50.263888');
INSERT INTO django_admin_log VALUES(87,'33','Nhleko Thandeka',1,'[{`added`: {}}]',15,9,'2024-12-02 14:37:14.772765');
INSERT INTO django_admin_log VALUES(88,'34','Tshabalala Siphesihle Themba Junior',1,'[{`added`: {}}]',15,9,'2024-12-02 14:39:34.231727');
INSERT INTO django_admin_log VALUES(89,'35','Landule Lihle',1,'[{`added`: {}}]',15,9,'2024-12-02 14:43:26.662005');
INSERT INTO django_admin_log VALUES(90,'36','Mahlo Omphile',1,'[{`added`: {}}]',15,9,'2024-12-02 14:49:36.575707');
INSERT INTO django_admin_log VALUES(91,'37','Mashaba Kgontse',1,'[{`added`: {}}]',15,9,'2024-12-02 14:56:23.247082');
INSERT INTO django_admin_log VALUES(92,'38','Masimula Nkosana',1,'[{`added`: {}}]',15,9,'2024-12-02 14:58:17.393794');
INSERT INTO django_admin_log VALUES(93,'39','Mathe Regina',1,'[{`added`: {}}]',15,9,'2024-12-03 07:20:47.095263');
INSERT INTO django_admin_log VALUES(94,'40','Ngxoko Owami',1,'[{`added`: {}}]',15,9,'2024-12-03 07:22:57.993357');
INSERT INTO django_admin_log VALUES(95,'41','Ntini Nkosikhona',1,'[{`added`: {}}]',15,9,'2024-12-03 07:25:29.891283');
INSERT INTO django_admin_log VALUES(96,'42','Nzimande Nonkululeko',1,'[{`added`: {}}]',15,9,'2024-12-03 07:27:51.196818');
INSERT INTO django_admin_log VALUES(97,'43','Skosana Nosipho',1,'[{`added`: {}}]',15,9,'2024-12-03 07:31:17.050471');
INSERT INTO django_admin_log VALUES(98,'44','Khumalo Busisiwe Nosipho',1,'[{`added`: {}}]',15,9,'2024-12-03 07:33:11.013177');
INSERT INTO django_admin_log VALUES(99,'45','Mahandana Mundau',1,'[{`added`: {}}]',15,9,'2024-12-03 07:34:53.822151');
INSERT INTO django_admin_log VALUES(100,'46','Morake Thapelo',1,'[{`added`: {}}]',15,9,'2024-12-03 07:36:37.859428');
INSERT INTO django_admin_log VALUES(101,'47','Sibeko Ntokozo',1,'[{`added`: {}}]',15,9,'2024-12-03 07:38:31.486538');
INSERT INTO django_admin_log VALUES(102,'48','Buthelezi Lethukuthula Freedom',1,'[{`added`: {}}]',15,9,'2024-12-03 07:40:13.960249');
INSERT INTO django_admin_log VALUES(103,'49','Dlamini Nhlanhla',1,'[{`added`: {}}]',15,9,'2024-12-03 07:41:19.821059');
INSERT INTO django_admin_log VALUES(104,'50','Khanyeza Sbahle Vuyo',1,'[{`added`: {}}]',15,9,'2024-12-03 07:43:03.356651');
INSERT INTO django_admin_log VALUES(105,'51','Khumalo Skhumbuzo',1,'[{`added`: {}}]',15,9,'2024-12-03 07:44:57.343570');
INSERT INTO django_admin_log VALUES(106,'17','Mpho',1,'[{`added`: {}}]',4,9,'2024-12-03 07:51:39.347350');
INSERT INTO django_admin_log VALUES(107,'12','Mpho Matloga',1,'[{`added`: {}}]',11,9,'2024-12-03 07:56:08.209849');
INSERT INTO django_admin_log VALUES(108,'18','Joseph',1,'[{`added`: {}}]',4,9,'2024-12-03 07:56:51.222578');
INSERT INTO django_admin_log VALUES(109,'13','Joseph Maura',1,'[{`added`: {}}]',11,9,'2024-12-03 07:59:15.895199');
INSERT INTO django_admin_log VALUES(110,'19','Shingirayi',1,'[{`added`: {}}]',4,9,'2024-12-03 07:59:56.216437');
INSERT INTO django_admin_log VALUES(111,'14','Shingirayi Mhonda',1,'[{`added`: {}}]',11,9,'2024-12-03 08:02:02.889693');
INSERT INTO django_admin_log VALUES(112,'20','Lindiwe',1,'[{`added`: {}}]',4,9,'2024-12-03 08:02:26.872059');
INSERT INTO django_admin_log VALUES(113,'15','Lindiwe Mjiyako',1,'[{`added`: {}}]',11,9,'2024-12-03 08:03:55.370434');
INSERT INTO django_admin_log VALUES(114,'21','Pumelele',1,'[{`added`: {}}]',4,9,'2024-12-03 08:04:24.936543');
INSERT INTO django_admin_log VALUES(115,'16','Pumelele Mnyandu',1,'[{`added`: {}}]',11,9,'2024-12-03 08:06:18.833916');
INSERT INTO django_admin_log VALUES(116,'22','Onica',1,'[{`added`: {}}]',4,9,'2024-12-03 08:06:59.307245');
INSERT INTO django_admin_log VALUES(117,'17','Onica Modipa',1,'[{`added`: {}}]',11,9,'2024-12-03 08:08:56.735751');
INSERT INTO django_admin_log VALUES(118,'23','Francis',1,'[{`added`: {}}]',4,9,'2024-12-03 08:09:43.611147');
INSERT INTO django_admin_log VALUES(119,'18','Francis Motaung',1,'[{`added`: {}}]',11,9,'2024-12-03 08:11:10.997208');
INSERT INTO django_admin_log VALUES(120,'24','Sibusiso',1,'[{`added`: {}}]',4,9,'2024-12-03 08:11:37.790477');
INSERT INTO django_admin_log VALUES(121,'19','Sibusiso Mbuso',1,'[{`added`: {}}]',11,9,'2024-12-03 08:12:53.824171');
INSERT INTO django_admin_log VALUES(122,'25','Majabulile',1,'[{`added`: {}}]',4,9,'2024-12-03 08:13:43.633295');
INSERT INTO django_admin_log VALUES(123,'20','Majabulile Ndhlovu',1,'[{`added`: {}}]',11,9,'2024-12-03 08:15:32.583427');
INSERT INTO django_admin_log VALUES(124,'26','Bongani',1,'[{`added`: {}}]',4,9,'2024-12-03 08:15:56.453559');
INSERT INTO django_admin_log VALUES(125,'21','Bongani Ndlovu',1,'[{`added`: {}}]',11,9,'2024-12-03 08:17:27.797577');
INSERT INTO django_admin_log VALUES(126,'6','Mpho at DOBSONVILLE',1,'[{`added`: {}}]',12,9,'2024-12-03 09:58:14.095382');
INSERT INTO django_admin_log VALUES(127,'7','Joseph at DOBSONVILLE',1,'[{`added`: {}}]',12,9,'2024-12-03 09:58:31.355220');
INSERT INTO django_admin_log VALUES(128,'8','Shingirayi at DOBSONVILLE',1,'[{`added`: {}}]',12,9,'2024-12-03 09:58:42.139674');
INSERT INTO django_admin_log VALUES(129,'9','Lindiwe at DOBSONVILLE',1,'[{`added`: {}}]',12,9,'2024-12-03 09:58:58.254768');
INSERT INTO django_admin_log VALUES(130,'10','Pumelele at DOBSONVILLE',1,'[{`added`: {}}]',12,9,'2024-12-03 09:59:12.028058');
INSERT INTO django_admin_log VALUES(131,'11','Onica at DOBSONVILLE',1,'[{`added`: {}}]',12,9,'2024-12-03 09:59:25.607311');
INSERT INTO django_admin_log VALUES(132,'12','Francis at DOBSONVILLE',1,'[{`added`: {}}]',12,9,'2024-12-03 09:59:37.524293');
INSERT INTO django_admin_log VALUES(133,'13','Sibusiso at DOBSONVILLE',1,'[{`added`: {}}]',12,9,'2024-12-03 09:59:51.921602');
INSERT INTO django_admin_log VALUES(134,'14','Majabulile at DOBSONVILLE',1,'[{`added`: {}}]',12,9,'2024-12-03 10:00:07.170580');
INSERT INTO django_admin_log VALUES(135,'15','Bongani at DOBSONVILLE',1,'[{`added`: {}}]',12,9,'2024-12-03 10:00:22.286017');
INSERT INTO django_admin_log VALUES(136,'27','Lindiwe08',1,'[{`added`: {}}]',4,9,'2024-12-12 07:12:58.046239');
INSERT INTO django_admin_log VALUES(137,'28','Molefe',1,'[{`added`: {}}]',4,9,'2025-01-11 13:30:19.070167');
INSERT INTO django_admin_log VALUES(138,'14','Molefe Olebogeng',2,'[{`changed`: {`fields`: [`User`]}}]',15,9,'2025-01-14 09:15:24.372831');
INSERT INTO django_admin_log VALUES(139,'57','Leaner1test test1',3,'',15,9,'2025-01-20 18:13:46.050932');
INSERT INTO django_admin_log VALUES(140,'56','Leaner1test test1',3,'',15,9,'2025-01-20 18:13:46.050932');
INSERT INTO django_admin_log VALUES(141,'55','Leaner1test test1',3,'',15,9,'2025-01-20 18:13:46.050932');
INSERT INTO django_admin_log VALUES(142,'54','Leaner1test test1',3,'',15,9,'2025-01-20 18:13:46.050932');
INSERT INTO django_admin_log VALUES(143,'53','Leaner1test test1',3,'',15,9,'2025-01-20 18:13:46.050932');
INSERT INTO django_admin_log VALUES(144,'52','Leaner1test test1',3,'',15,9,'2025-01-20 18:13:46.050932');
INSERT INTO django_admin_log VALUES(145,'58','Leaner1test test1',3,'',15,9,'2025-01-20 18:25:54.482435');
CREATE TABLE IF NOT EXISTS `teacher_teacher_grade_taught` (`id` integer NOT NULL PRIMARY KEY AUTO_INCREMENT, `teacher_id` integer NOT NULL REFERENCES `teacher_teacher` (`id`) DEFERRABLE INITIALLY DEFERRED, `grade_id` bigint NOT NULL REFERENCES `academic_grade` (`id`) DEFERRABLE INITIALLY DEFERRED);
INSERT INTO teacher_teacher_grade_taught VALUES(2,7,3);
INSERT INTO teacher_teacher_grade_taught VALUES(3,8,3);
INSERT INTO teacher_teacher_grade_taught VALUES(4,9,3);
INSERT INTO teacher_teacher_grade_taught VALUES(5,10,3);
INSERT INTO teacher_teacher_grade_taught VALUES(6,11,3);
INSERT INTO teacher_teacher_grade_taught VALUES(7,12,3);
INSERT INTO teacher_teacher_grade_taught VALUES(8,13,3);
INSERT INTO teacher_teacher_grade_taught VALUES(9,14,3);
INSERT INTO teacher_teacher_grade_taught VALUES(10,15,3);
INSERT INTO teacher_teacher_grade_taught VALUES(11,16,3);
INSERT INTO teacher_teacher_grade_taught VALUES(12,17,3);
INSERT INTO teacher_teacher_grade_taught VALUES(13,18,3);
INSERT INTO teacher_teacher_grade_taught VALUES(14,19,3);
INSERT INTO teacher_teacher_grade_taught VALUES(15,20,3);
INSERT INTO teacher_teacher_grade_taught VALUES(16,21,3);
CREATE TABLE IF NOT EXISTS `attendance_learnerattendance` (`id` integer NOT NULL PRIMARY KEY AUTO_INCREMENT, `status` varchar(1) NOT NULL, `learner_id` integer NOT NULL REFERENCES `learner_learner` (`id`) DEFERRABLE INITIALLY DEFERRED, `classroom_id` integer NOT NULL REFERENCES `teacher_classroom` (`id`) DEFERRABLE INITIALLY DEFERRED, `date` date NOT NULL, `remarks` text NULL, `teacher_id` integer NOT NULL REFERENCES `teacher_teacher` (`id`) DEFERRABLE INITIALLY DEFERRED);
INSERT INTO attendance_learnerattendance VALUES(4,'A',12,8,'2024-11-27','21212121',7);
INSERT INTO attendance_learnerattendance VALUES(5,'P',13,8,'2024-11-27','1',7);
INSERT INTO attendance_learnerattendance VALUES(6,'P',14,8,'2024-11-27','1',7);
INSERT INTO attendance_learnerattendance VALUES(7,'P',15,8,'2024-11-27','1',7);
INSERT INTO attendance_learnerattendance VALUES(8,'P',16,8,'2024-11-27','1',7);
INSERT INTO attendance_learnerattendance VALUES(9,'P',17,9,'2025-01-17','now',10);
INSERT INTO attendance_learnerattendance VALUES(10,'A',18,9,'2025-01-17','now',10);
INSERT INTO attendance_learnerattendance VALUES(11,'P',19,9,'2025-01-17','now',10);
INSERT INTO attendance_learnerattendance VALUES(12,'P',20,9,'2025-01-17','now',10);
INSERT INTO attendance_learnerattendance VALUES(13,'P',21,9,'2025-01-17','now',10);
INSERT INTO attendance_learnerattendance VALUES(14,'P',17,9,'2025-01-18','',10);
INSERT INTO attendance_learnerattendance VALUES(15,'P',18,9,'2025-01-18','',10);
INSERT INTO attendance_learnerattendance VALUES(16,'P',19,9,'2025-01-18','',10);
INSERT INTO attendance_learnerattendance VALUES(17,'P',20,9,'2025-01-18','',10);
INSERT INTO attendance_learnerattendance VALUES(18,'P',21,9,'2025-01-18','',10);
CREATE TABLE IF NOT EXISTS `django_content_type` (`id` integer NOT NULL PRIMARY KEY AUTO_INCREMENT, `app_label` varchar(100) NOT NULL, `model` varchar(100) NOT NULL);
INSERT INTO django_content_type VALUES(1,'admin','logentry');
INSERT INTO django_content_type VALUES(2,'auth','permission');
INSERT INTO django_content_type VALUES(3,'auth','group');
INSERT INTO django_content_type VALUES(4,'auth','user');
INSERT INTO django_content_type VALUES(5,'contenttypes','contenttype');
INSERT INTO django_content_type VALUES(6,'sessions','session');
INSERT INTO django_content_type VALUES(7,'center_manager','designation');
INSERT INTO django_content_type VALUES(8,'center_manager','center');
INSERT INTO django_content_type VALUES(9,'center_manager','centermanager');
INSERT INTO django_content_type VALUES(10,'center_manager','report');
INSERT INTO django_content_type VALUES(11,'teacher','teacher');
INSERT INTO django_content_type VALUES(12,'teacher','teachercenterassignment');
INSERT INTO django_content_type VALUES(13,'teacher','timesheet');
INSERT INTO django_content_type VALUES(14,'teacher','classroom');
INSERT INTO django_content_type VALUES(15,'learner','learner');
INSERT INTO django_content_type VALUES(16,'learner','disability');
INSERT INTO django_content_type VALUES(17,'learner','emergencycontact');
INSERT INTO django_content_type VALUES(18,'learner','parentguardian');
INSERT INTO django_content_type VALUES(19,'learner','supportdocument');
INSERT INTO django_content_type VALUES(20,'academic','department');
INSERT INTO django_content_type VALUES(21,'academic','session');
INSERT INTO django_content_type VALUES(22,'academic','grade');
INSERT INTO django_content_type VALUES(23,'academic','nationality');
INSERT INTO django_content_type VALUES(24,'academic','registration');
INSERT INTO django_content_type VALUES(25,'academic','subject');
INSERT INTO django_content_type VALUES(26,'result','subjectregistration');
INSERT INTO django_content_type VALUES(27,'address','address');
INSERT INTO django_content_type VALUES(28,'address','province');
INSERT INTO django_content_type VALUES(29,'account','userprofile');
INSERT INTO django_content_type VALUES(30,'attendance','learnerattendance');
CREATE TABLE IF NOT EXISTS `auth_permission` (`id` integer NOT NULL PRIMARY KEY AUTO_INCREMENT, `content_type_id` integer NOT NULL REFERENCES `django_content_type` (`id`) DEFERRABLE INITIALLY DEFERRED, `codename` varchar(100) NOT NULL, `name` varchar(255) NOT NULL);
INSERT INTO auth_permission VALUES(1,1,'add_logentry','Can add log entry');
INSERT INTO auth_permission VALUES(2,1,'change_logentry','Can change log entry');
INSERT INTO auth_permission VALUES(3,1,'delete_logentry','Can delete log entry');
INSERT INTO auth_permission VALUES(4,1,'view_logentry','Can view log entry');
INSERT INTO auth_permission VALUES(5,2,'add_permission','Can add permission');
INSERT INTO auth_permission VALUES(6,2,'change_permission','Can change permission');
INSERT INTO auth_permission VALUES(7,2,'delete_permission','Can delete permission');
INSERT INTO auth_permission VALUES(8,2,'view_permission','Can view permission');
INSERT INTO auth_permission VALUES(9,3,'add_group','Can add group');
INSERT INTO auth_permission VALUES(10,3,'change_group','Can change group');
INSERT INTO auth_permission VALUES(11,3,'delete_group','Can delete group');
INSERT INTO auth_permission VALUES(12,3,'view_group','Can view group');
INSERT INTO auth_permission VALUES(13,4,'add_user','Can add user');
INSERT INTO auth_permission VALUES(14,4,'change_user','Can change user');
INSERT INTO auth_permission VALUES(15,4,'delete_user','Can delete user');
INSERT INTO auth_permission VALUES(16,4,'view_user','Can view user');
INSERT INTO auth_permission VALUES(17,5,'add_contenttype','Can add content type');
INSERT INTO auth_permission VALUES(18,5,'change_contenttype','Can change content type');
INSERT INTO auth_permission VALUES(19,5,'delete_contenttype','Can delete content type');
INSERT INTO auth_permission VALUES(20,5,'view_contenttype','Can view content type');
INSERT INTO auth_permission VALUES(21,6,'add_session','Can add session');
INSERT INTO auth_permission VALUES(22,6,'change_session','Can change session');
INSERT INTO auth_permission VALUES(23,6,'delete_session','Can delete session');
INSERT INTO auth_permission VALUES(24,6,'view_session','Can view session');
INSERT INTO auth_permission VALUES(25,7,'add_designation','Can add designation');
INSERT INTO auth_permission VALUES(26,7,'change_designation','Can change designation');
INSERT INTO auth_permission VALUES(27,7,'delete_designation','Can delete designation');
INSERT INTO auth_permission VALUES(28,7,'view_designation','Can view designation');
INSERT INTO auth_permission VALUES(29,8,'add_center','Can add center');
INSERT INTO auth_permission VALUES(30,8,'change_center','Can change center');
INSERT INTO auth_permission VALUES(31,8,'delete_center','Can delete center');
INSERT INTO auth_permission VALUES(32,8,'view_center','Can view center');
INSERT INTO auth_permission VALUES(33,9,'add_centermanager','Can add center manager');
INSERT INTO auth_permission VALUES(34,9,'change_centermanager','Can change center manager');
INSERT INTO auth_permission VALUES(35,9,'delete_centermanager','Can delete center manager');
INSERT INTO auth_permission VALUES(36,9,'view_centermanager','Can view center manager');
INSERT INTO auth_permission VALUES(37,10,'add_report','Can add report');
INSERT INTO auth_permission VALUES(38,10,'change_report','Can change report');
INSERT INTO auth_permission VALUES(39,10,'delete_report','Can delete report');
INSERT INTO auth_permission VALUES(40,10,'view_report','Can view report');
INSERT INTO auth_permission VALUES(41,11,'add_teacher','Can add teacher');
INSERT INTO auth_permission VALUES(42,11,'change_teacher','Can change teacher');
INSERT INTO auth_permission VALUES(43,11,'delete_teacher','Can delete teacher');
INSERT INTO auth_permission VALUES(44,11,'view_teacher','Can view teacher');
INSERT INTO auth_permission VALUES(45,12,'add_teachercenterassignment','Can add teacher center assignment');
INSERT INTO auth_permission VALUES(46,12,'change_teachercenterassignment','Can change teacher center assignment');
INSERT INTO auth_permission VALUES(47,12,'delete_teachercenterassignment','Can delete teacher center assignment');
INSERT INTO auth_permission VALUES(48,12,'view_teachercenterassignment','Can view teacher center assignment');
INSERT INTO auth_permission VALUES(49,13,'add_timesheet','Can add timesheet');
INSERT INTO auth_permission VALUES(50,13,'change_timesheet','Can change timesheet');
INSERT INTO auth_permission VALUES(51,13,'delete_timesheet','Can delete timesheet');
INSERT INTO auth_permission VALUES(52,13,'view_timesheet','Can view timesheet');
INSERT INTO auth_permission VALUES(53,14,'add_classroom','Can add classroom');
INSERT INTO auth_permission VALUES(54,14,'change_classroom','Can change classroom');
INSERT INTO auth_permission VALUES(55,14,'delete_classroom','Can delete classroom');
INSERT INTO auth_permission VALUES(56,14,'view_classroom','Can view classroom');
INSERT INTO auth_permission VALUES(57,15,'add_learner','Can add learner');
INSERT INTO auth_permission VALUES(58,15,'change_learner','Can change learner');
INSERT INTO auth_permission VALUES(59,15,'delete_learner','Can delete learner');
INSERT INTO auth_permission VALUES(60,15,'view_learner','Can view learner');
INSERT INTO auth_permission VALUES(61,16,'add_disability','Can add disability');
INSERT INTO auth_permission VALUES(62,16,'change_disability','Can change disability');
INSERT INTO auth_permission VALUES(63,16,'delete_disability','Can delete disability');
INSERT INTO auth_permission VALUES(64,16,'view_disability','Can view disability');
INSERT INTO auth_permission VALUES(65,17,'add_emergencycontact','Can add emergency contact');
INSERT INTO auth_permission VALUES(66,17,'change_emergencycontact','Can change emergency contact');
INSERT INTO auth_permission VALUES(67,17,'delete_emergencycontact','Can delete emergency contact');
INSERT INTO auth_permission VALUES(68,17,'view_emergencycontact','Can view emergency contact');
INSERT INTO auth_permission VALUES(69,18,'add_parentguardian','Can add parent guardian');
INSERT INTO auth_permission VALUES(70,18,'change_parentguardian','Can change parent guardian');
INSERT INTO auth_permission VALUES(71,18,'delete_parentguardian','Can delete parent guardian');
INSERT INTO auth_permission VALUES(72,18,'view_parentguardian','Can view parent guardian');
INSERT INTO auth_permission VALUES(73,19,'add_supportdocument','Can add support document');
INSERT INTO auth_permission VALUES(74,19,'change_supportdocument','Can change support document');
INSERT INTO auth_permission VALUES(75,19,'delete_supportdocument','Can delete support document');
INSERT INTO auth_permission VALUES(76,19,'view_supportdocument','Can view support document');
INSERT INTO auth_permission VALUES(77,20,'add_department','Can add department');
INSERT INTO auth_permission VALUES(78,20,'change_department','Can change department');
INSERT INTO auth_permission VALUES(79,20,'delete_department','Can delete department');
INSERT INTO auth_permission VALUES(80,20,'view_department','Can view department');
INSERT INTO auth_permission VALUES(81,21,'add_session','Can add session');
INSERT INTO auth_permission VALUES(82,21,'change_session','Can change session');
INSERT INTO auth_permission VALUES(83,21,'delete_session','Can delete session');
INSERT INTO auth_permission VALUES(84,21,'view_session','Can view session');
INSERT INTO auth_permission VALUES(85,22,'add_grade','Can add grade');
INSERT INTO auth_permission VALUES(86,22,'change_grade','Can change grade');
INSERT INTO auth_permission VALUES(87,22,'delete_grade','Can delete grade');
INSERT INTO auth_permission VALUES(88,22,'view_grade','Can view grade');
INSERT INTO auth_permission VALUES(89,23,'add_nationality','Can add nationality');
INSERT INTO auth_permission VALUES(90,23,'change_nationality','Can change nationality');
INSERT INTO auth_permission VALUES(91,23,'delete_nationality','Can delete nationality');
INSERT INTO auth_permission VALUES(92,23,'view_nationality','Can view nationality');
INSERT INTO auth_permission VALUES(93,24,'add_registration','Can add registration');
INSERT INTO auth_permission VALUES(94,24,'change_registration','Can change registration');
INSERT INTO auth_permission VALUES(95,24,'delete_registration','Can delete registration');
INSERT INTO auth_permission VALUES(96,24,'view_registration','Can view registration');
INSERT INTO auth_permission VALUES(97,25,'add_subject','Can add subject');
INSERT INTO auth_permission VALUES(98,25,'change_subject','Can change subject');
INSERT INTO auth_permission VALUES(99,25,'delete_subject','Can delete subject');
INSERT INTO auth_permission VALUES(100,25,'view_subject','Can view subject');
INSERT INTO auth_permission VALUES(101,26,'add_subjectregistration','Can add subject registration');
INSERT INTO auth_permission VALUES(102,26,'change_subjectregistration','Can change subject registration');
INSERT INTO auth_permission VALUES(103,26,'delete_subjectregistration','Can delete subject registration');
INSERT INTO auth_permission VALUES(104,26,'view_subjectregistration','Can view subject registration');
INSERT INTO auth_permission VALUES(105,27,'add_address','Can add address');
INSERT INTO auth_permission VALUES(106,27,'change_address','Can change address');
INSERT INTO auth_permission VALUES(107,27,'delete_address','Can delete address');
INSERT INTO auth_permission VALUES(108,27,'view_address','Can view address');
INSERT INTO auth_permission VALUES(109,28,'add_province','Can add province');
INSERT INTO auth_permission VALUES(110,28,'change_province','Can change province');
INSERT INTO auth_permission VALUES(111,28,'delete_province','Can delete province');
INSERT INTO auth_permission VALUES(112,28,'view_province','Can view province');
INSERT INTO auth_permission VALUES(113,29,'add_userprofile','Can add user profile');
INSERT INTO auth_permission VALUES(114,29,'change_userprofile','Can change user profile');
INSERT INTO auth_permission VALUES(115,29,'delete_userprofile','Can delete user profile');
INSERT INTO auth_permission VALUES(116,29,'view_userprofile','Can view user profile');
INSERT INTO auth_permission VALUES(117,30,'add_learnerattendance','Can add learner attendance');
INSERT INTO auth_permission VALUES(118,30,'change_learnerattendance','Can change learner attendance');
INSERT INTO auth_permission VALUES(119,30,'delete_learnerattendance','Can delete learner attendance');
INSERT INTO auth_permission VALUES(120,30,'view_learnerattendance','Can view learner attendance');
CREATE TABLE IF NOT EXISTS `auth_group` (`id` integer NOT NULL PRIMARY KEY AUTO_INCREMENT, `name` varchar(150) NOT NULL UNIQUE);
CREATE TABLE IF NOT EXISTS `auth_user` (`id` integer NOT NULL PRIMARY KEY AUTO_INCREMENT, `password` varchar(128) NOT NULL, `last_login` datetime NULL, `is_superuser` bool NOT NULL, `username` varchar(150) NOT NULL UNIQUE, `last_name` varchar(150) NOT NULL, `email` varchar(254) NOT NULL, `is_staff` bool NOT NULL, `is_active` bool NOT NULL, `date_joined` datetime NOT NULL, `first_name` varchar(150) NOT NULL);
INSERT INTO auth_user VALUES(9,'pbkdf2_sha256$870000$0vvfA6lzbHD7lW5AMibi3y$+IYAYAvheUJdqoLVZ0J10HD82vfDXvc13Q4c/0kjwoU=','2025-02-04 09:29:40.608023',1,'Moeketsi','','',1,1,'2024-11-19 10:17:23.471513','');
INSERT INTO auth_user VALUES(12,'pbkdf2_sha256$870000$lBcAkxlx5HKgVnTRQ8TxSa$iksPvvz5ev5Qan2ePMkjCH/FJ76H43GrQ1igpltriNM=','2025-01-18 15:12:33.646838',0,'Eric','','',0,1,'2024-11-26 19:06:16.126489','');
INSERT INTO auth_user VALUES(13,'pbkdf2_sha256$870000$YDKY5pAm72gxynjyCSbpGk$H02MnywvVJKgy/5Ca6ZeEa0D9AEpPUgCUkvwVFVSQHg=',NULL,0,'Livhuwani','','',0,1,'2024-11-26 19:10:43.623675','');
INSERT INTO auth_user VALUES(14,'pbkdf2_sha256$870000$S05Qumy2QzMipEk5ESAvlD$skSbOYVnQ0HeUQN2IM+iECNy/MfOYFowpONLFD42zEg=','2025-01-18 16:16:27.014956',0,'Thomas','','',0,1,'2024-11-26 19:13:53.586605','');
INSERT INTO auth_user VALUES(15,'pbkdf2_sha256$870000$Pf1CLjS4hY0ZdC9NdkhsyF$+Xbl8QNBxHWpeWO/5FkxWe3fAAAjr0S3z8J7vTn4jAU=','2025-02-03 10:43:53.747150',0,'Duze','','',0,1,'2024-11-26 19:15:52.217142','');
INSERT INTO auth_user VALUES(16,'pbkdf2_sha256$870000$V8Wl4ETQDmMClFYeUUBKTU$S3nMtyfOBBd5897I5o7vaqoOM5f6fQSJ+ueRBIaxJSs=','2024-12-02 08:25:05.872950',0,'Claude','','',0,1,'2024-11-26 19:19:26.130960','');
INSERT INTO auth_user VALUES(17,'pbkdf2_sha256$870000$N53KbxER6MUnfghrgLwPqJ$CqGyFfmKwQQ+pMkBveq34qOW2x5rOJFVD2/SF+HdR8A=',NULL,0,'Mpho','','',0,1,'2024-12-03 07:51:39.084933','');
INSERT INTO auth_user VALUES(18,'pbkdf2_sha256$870000$MmCI9Vlx1i6g3TctYBTT41$hMcyLk0h+OjbRSQC47rMTNcYuBPXp21wsjszsXBQ1Z4=',NULL,0,'Joseph','','',0,1,'2024-12-03 07:56:50.905145','');
INSERT INTO auth_user VALUES(19,'pbkdf2_sha256$870000$s4MBZ6ILRSrAiB1ri6vfFF$VgK+kZJMgnbxHUidK3WUl4Q+wYmKMb/hn06TF2OjbTU=',NULL,0,'Shingirayi','','',0,1,'2024-12-03 07:59:55.952940','');
INSERT INTO auth_user VALUES(20,'pbkdf2_sha256$870000$onLM7KQa6iGt1maWJYuWuO$8DwLR785q4aNEGaldd1XZHotUeOS1heVwSzdndurdcM=',NULL,0,'Lindiwe','','',0,1,'2024-12-03 08:02:26.623526','');
INSERT INTO auth_user VALUES(21,'pbkdf2_sha256$870000$P5dloHx1Cwjrhc40WE479m$pygpm2/+Ye+vaSRoviiEFrtSdwlezJ/Yd2wCEKGBS8k=',NULL,0,'Pumelele','','',0,1,'2024-12-03 08:04:24.675936','');
INSERT INTO auth_user VALUES(22,'pbkdf2_sha256$870000$EspurGGs2OxAA1r8dDmSf6$/fh7l//DO5guBAKSC4S5mFkyxk4U9amslBesVUXMG8w=',NULL,0,'Onica','','',0,1,'2024-12-03 08:06:59.043173','');
INSERT INTO auth_user VALUES(23,'pbkdf2_sha256$870000$SamxnghiSM0mYwXVtnNs3l$6mIIc5OVlcWbtlOnb4OLNdhcMNWCapEp0E2+qybEdRk=',NULL,0,'Francis','','',0,1,'2024-12-03 08:09:43.362889','');
INSERT INTO auth_user VALUES(24,'pbkdf2_sha256$870000$QvAKUa8NjZbxpqriyu8RyU$gDxkb1mzBVwjLU1KswpNiu54JGxJw8qAAiep54B2ack=',NULL,0,'Sibusiso','','',0,1,'2024-12-03 08:11:37.526426','');
INSERT INTO auth_user VALUES(25,'pbkdf2_sha256$870000$FgQc57EJEBBtECoUczzhQt$25UOZKMDCojrQqFQOkZIUI8Ybkek6wQYRgW4/iR+Jlo=',NULL,0,'Majabulile','','',0,1,'2024-12-03 08:13:43.337325','');
INSERT INTO auth_user VALUES(26,'pbkdf2_sha256$870000$0AInkujXvfoAjP6odSmRZK$hCAe8cFNFPTv0RJQTj7yIPBS5Ay4n8JW1B2gHbFC18s=',NULL,0,'Bongani','','',0,1,'2024-12-03 08:15:56.174899','');
INSERT INTO auth_user VALUES(27,'pbkdf2_sha256$870000$pwfk02xQmLBHwlxdTCBZFg$HVkKCJucWvw9w+1aWv2QTpZLqFtWI72DrrS+KPvEjLo=',NULL,0,'Lindiwe08','','',0,1,'2024-12-12 07:12:57.248469','');
INSERT INTO auth_user VALUES(28,'pbkdf2_sha256$870000$3padxDQzq8223zGF5VxlTf$y1OlGYSSC5JBC2xPq33nW44h5jZWih1l2RkcsWxEvhk=','2025-01-18 19:33:30.030857',0,'Molefe','','',0,1,'2025-01-11 13:30:18.677529','');
INSERT INTO auth_user VALUES(29,'pbkdf2_sha256$870000$A8jwsIUu1aRe3Bg7KFVF7O$ibp0x8t1ZK16fVt8tGmgOsq1I9mMdN3ujhsi5gXgY9k=','2025-01-20 18:30:17.190627',0,'Leaner1test','','',0,1,'2025-01-20 18:28:49.391766','');
INSERT INTO auth_user VALUES(30,'pbkdf2_sha256$870000$Q3GcJq8z8pOhlrNBl1rIsB$3qa6wP8DFS7E0VLbPNYAFyUjDZh8QVfQthkWbBjX6Hc=',NULL,0,'Momomo','','',0,1,'2025-01-20 18:32:51.619606','');
CREATE TABLE IF NOT EXISTS `center_manager_center` (`id` integer NOT NULL PRIMARY KEY AUTO_INCREMENT, `name` varchar(255) NOT NULL, `contact_info` varchar(255) NULL, `email` varchar(254) NULL, `address_id` bigint NOT NULL REFERENCES `address_address` (`id`) DEFERRABLE INITIALLY DEFERRED, `center_manager_id` integer NOT NULL UNIQUE REFERENCES `center_manager_centermanager` (`id`) DEFERRABLE INITIALLY DEFERRED);
INSERT INTO center_manager_center VALUES(5,'DOBSONVILLE','083 883 7669','moeketsi@royalmcgrady.co.za',9,5);
CREATE TABLE IF NOT EXISTS `center_manager_centermanager` (`id` integer NOT NULL PRIMARY KEY AUTO_INCREMENT, `name` varchar(100) NOT NULL, `phone_number` varchar(15) NOT NULL, `email` varchar(254) NOT NULL, `address_id` bigint NOT NULL REFERENCES `address_address` (`id`) DEFERRABLE INITIALLY DEFERRED, `surname` varchar(100) NOT NULL, `user_id` integer NOT NULL UNIQUE REFERENCES `auth_user` (`id`) DEFERRABLE INITIALLY DEFERRED);
INSERT INTO center_manager_centermanager VALUES(5,'Moeketsi','0838837669','moeketsi@royalmcgrady.co.za',6,'Raboroko',9);
CREATE TABLE IF NOT EXISTS `center_manager_designation` (`id` integer NOT NULL PRIMARY KEY AUTO_INCREMENT, `designation_type` varchar(50) NOT NULL, `name_surname` varchar(100) NOT NULL, `contact_number` varchar(10) NOT NULL, `email_address` varchar(254) NOT NULL, `physical_address` text NOT NULL, `documents` varchar(100) NULL, `date` date NOT NULL);
CREATE TABLE IF NOT EXISTS `center_manager_report` (`id` integer NOT NULL PRIMARY KEY AUTO_INCREMENT, `title` varchar(255) NOT NULL, `file` varchar(100) NOT NULL, `created_at` datetime NOT NULL, `updated_at` datetime NOT NULL, `center_id` bigint NOT NULL REFERENCES `center_manager_center` (`id`) DEFERRABLE INITIALLY DEFERRED, `center_manager_id` bigint NOT NULL REFERENCES `center_manager_centermanager` (`id`) DEFERRABLE INITIALLY DEFERRED);
CREATE TABLE IF NOT EXISTS `learner_disability` (`id` integer NOT NULL PRIMARY KEY AUTO_INCREMENT, `disability_type` varchar(100) NOT NULL, `description` text NULL, `accommodations` text NULL);
CREATE TABLE IF NOT EXISTS `learner_emergencycontact` (`id` integer NOT NULL PRIMARY KEY AUTO_INCREMENT, `name` varchar(25) NOT NULL, `surname` varchar(25) NOT NULL, `relationship_with_learner` varchar(45) NOT NULL, `phone_number` varchar(15) NOT NULL, `place_of_employment` varchar(25) NOT NULL, `work_number` varchar(15) NOT NULL, `email` varchar(15) NOT NULL, `address_id` bigint NULL REFERENCES `address_address` (`id`) DEFERRABLE INITIALLY DEFERRED, `learner_id` integer NOT NULL REFERENCES `learner_learner` (`id`) DEFERRABLE INITIALLY DEFERRED);
CREATE TABLE IF NOT EXISTS `learner_parentguardian` (`id` integer NOT NULL PRIMARY KEY AUTO_INCREMENT, `name` varchar(25) NOT NULL, `surname` varchar(25) NOT NULL, `relationship_with_learner` varchar(45) NOT NULL, `phone_number` varchar(15) NOT NULL, `email` varchar(254) NULL, `work_number` varchar(15) NOT NULL, `employment_place` varchar(25) NOT NULL, `address_id` bigint NULL REFERENCES `address_address` (`id`) DEFERRABLE INITIALLY DEFERRED);
CREATE TABLE IF NOT EXISTS `learner_supportdocument` (`id` integer NOT NULL PRIMARY KEY AUTO_INCREMENT, `document_name` varchar(255) NOT NULL, `file` varchar(100) NOT NULL, `description` text NULL, `upload_date` date NOT NULL, `learner_id` bigint NOT NULL REFERENCES `learner_learner` (`id`) DEFERRABLE INITIALLY DEFERRED);
CREATE TABLE IF NOT EXISTS `result_subjectregistration` (`id` integer NOT NULL PRIMARY KEY AUTO_INCREMENT, `subject_name` varchar(45) NOT NULL, `subject_code` integer NOT NULL UNIQUE, `marks` integer NOT NULL, `pass_mark` integer NOT NULL, `add_date` date NOT NULL, `select_class_id` bigint NULL REFERENCES `academic_registration` (`id`) DEFERRABLE INITIALLY DEFERRED);
CREATE TABLE IF NOT EXISTS `django_session` (`session_key` varchar(40) NOT NULL PRIMARY KEY, `session_data` text NOT NULL, `expire_date` datetime NOT NULL);
INSERT INTO django_session VALUES('xsc5nzby3qplo5tw0nzhgh5eg7ux9l23','.eJxVjDsOwjAQBe_iGllm8ZeSnjNYu14bB5AtxUmFuDtESgHtm5n3EhHXpcZ15DlOLM4iiMPvRpgeuW2A79huXabelnkiuSlyp0NeO-fnZXf_DiqO-q3BalSh-OJOyVFRjEwAIRm2QWnNmg0Fr6lkr1RJFh24FAwcC3kwwOL9AfMOOBQ:1tDLNf:Z1C7nvZBwaON2B8oZggPFpo-Fl-d6i_DR2b0pE6EBFI','2024-12-03 10:22:47.628860');
INSERT INTO django_session VALUES('0ab1k3m6wdwsztcb8qmoxwis78gqagd8','.eJxVjDsOwjAQBe_iGllm8ZeSnjNYu14bB5AtxUmFuDtESgHtm5n3EhHXpcZ15DlOLM4iiMPvRpgeuW2A79huXabelnkiuSlyp0NeO-fnZXf_DiqO-q3BalSh-OJOyVFRjEwAIRm2QWnNmg0Fr6lkr1RJFh24FAwcC3kwwOL9AfMOOBQ:1tDMju:fXsjL38ZL8SvnNo8TbSSxd8DVYgQTyrv21bPOK3Wlgs','2024-12-03 11:49:50.379247');
INSERT INTO django_session VALUES('tvp2ncajfsomtoh96lu52j7mt517u9h4','.eJxVjDsOwjAQBe_iGllm8ZeSnjNYu14bB5AtxUmFuDtESgHtm5n3EhHXpcZ15DlOLM4iiMPvRpgeuW2A79huXabelnkiuSlyp0NeO-fnZXf_DiqO-q3BalSh-OJOyVFRjEwAIRm2QWnNmg0Fr6lkr1RJFh24FAwcC3kwwOL9AfMOOBQ:1tDMnY:Px1kZhazTnHbcRcXOc1C3Wv8Nl6b8K8pFyf7DiX6bV4','2024-12-03 11:53:36.329037');
INSERT INTO django_session VALUES('r7shcllq2bnm3fzorx5lally5vrlgpjt','.eJxVjEEOwiAQRe_C2hCmMGVw6b5nIEOZ2qqhSWlXxrsbki50-997_60iH_scjypbXLK6KjDq8jsmHp9SGskPLvdVj2vZtyXppuiTVj2sWV630_07mLnOre57cpCmSQgBxUJnTfCe0tiH4C3a0BnKMJEIoHMhAII3LiMTJGRWny_aHjbK:1tDMu5:hXk6cDZDLf_PmMi8--a2ThzR6z-Ofw4xqW524fLjeaA','2024-12-03 12:00:21.491479');
INSERT INTO django_session VALUES('0l6hjoewuckrejgbhe07azgryqj2amks','.eJxVjDsOwjAQBe_iGllm8ZeSnjNYu14bB5AtxUmFuDtESgHtm5n3EhHXpcZ15DlOLM4iiMPvRpgeuW2A79huXabelnkiuSlyp0NeO-fnZXf_DiqO-q3BalSh-OJOyVFRjEwAIRm2QWnNmg0Fr6lkr1RJFh24FAwcC3kwwOL9AfMOOBQ:1tDNAv:Vj_CKXQL1c94qGu1BnRxQCe3NiEt8eH7D3IutrHmgEI','2024-12-03 12:17:45.647557');
INSERT INTO django_session VALUES('xo394q2x2eir8oyjqhzzw8lo4cd5p98q','.eJxVjDsOwjAQBe_iGllm8ZeSnjNYu14bB5AtxUmFuDtESgHtm5n3EhHXpcZ15DlOLM4iiMPvRpgeuW2A79huXabelnkiuSlyp0NeO-fnZXf_DiqO-q3BalSh-OJOyVFRjEwAIRm2QWnNmg0Fr6lkr1RJFh24FAwcC3kwwOL9AfMOOBQ:1tDNCn:F6wqqhKLsl9-wKhTM16YVSO0wlqQSqC-pm38R9GvMk4','2024-12-03 12:19:41.748979');
INSERT INTO django_session VALUES('6zstvi7t8jlybw6hyqfk8cmme5zzpur7','.eJxVjDsOwjAQBe_iGllm8ZeSnjNYu14bB5AtxUmFuDtESgHtm5n3EhHXpcZ15DlOLM4iiMPvRpgeuW2A79huXabelnkiuSlyp0NeO-fnZXf_DiqO-q3BalSh-OJOyVFRjEwAIRm2QWnNmg0Fr6lkr1RJFh24FAwcC3kwwOL9AfMOOBQ:1tDNKh:QVv4CxnjxyWCohClo5O6aGqwJIsx4O1PUZJyIfjCDhI','2024-12-03 12:27:51.434967');
INSERT INTO django_session VALUES('qbt8rcsfcw5x4aiy6wqhf1xj4clr3rdz','.eJxVjDsOwjAQBe_iGllm8ZeSnjNYu14bB5AtxUmFuDtESgHtm5n3EhHXpcZ15DlOLM4iiMPvRpgeuW2A79huXabelnkiuSlyp0NeO-fnZXf_DiqO-q3BalSh-OJOyVFRjEwAIRm2QWnNmg0Fr6lkr1RJFh24FAwcC3kwwOL9AfMOOBQ:1tDNPp:VOjOint7Sv8758j7p4aB3iYF4ZAn6MP5nOSZMv4P2X4','2024-12-03 12:33:09.459212');
INSERT INTO django_session VALUES('f22xj346jssg0edzbw93qjsb0gdw3j8n','.eJxVjMEOwiAQRP-FsyFdoIAevfsNZOkuUjWQlPZk_HfbpIc2c5v3Zr4i4DLnsDSewkjiJkBcjl3E4c1lA_TC8qxyqGWexig3Re60yUcl_tx393SQseV1bW1M5DtyTNompa1jVMCMJsIavhqnIaH1JkXvUPVIHTD0aBiSVkr8_v3LOFA:1tDNQi:FT-xf73rnBP5mD4En2QBPOP4SVph8dBE3f4NP4v0Bc0','2024-12-03 12:34:04.835419');
INSERT INTO django_session VALUES('hg52a30tznwxl8ess2e6h4c9l9jxjdqn','.eJxVjDsOwjAQBe_iGllm8ZeSnjNYu14bB5AtxUmFuDtESgHtm5n3EhHXpcZ15DlOLM4iiMPvRpgeuW2A79huXabelnkiuSlyp0NeO-fnZXf_DiqO-q3BalSh-OJOyVFRjEwAIRm2QWnNmg0Fr6lkr1RJFh24FAwcC3kwwOL9AfMOOBQ:1tDNRM:nrMQVP_cHJ_nApeLgx0rX76o_B3L2Cgn_0Lesd97AvQ','2024-12-03 12:34:44.559829');
INSERT INTO django_session VALUES('5jkci7cswl8xw064joqq1rdzkqwml30m','.eJxVjDsOwjAQBe_iGllm8ZeSnjNYu14bB5AtxUmFuDtESgHtm5n3EhHXpcZ15DlOLM4iiMPvRpgeuW2A79huXabelnkiuSlyp0NeO-fnZXf_DiqO-q3BalSh-OJOyVFRjEwAIRm2QWnNmg0Fr6lkr1RJFh24FAwcC3kwwOL9AfMOOBQ:1tDpvn:GGRjvaP01q2dkC5EFslDYFoSSzLnBUXW2_NrDb2YcZ0','2024-12-04 19:00:03.974556');
INSERT INTO django_session VALUES('g9t98kbozzl9rywv6rcs59qwnbg1bske','.eJxVjMEOwiAQRP-FsyECUhaP3vsNhGUXqRpISnsy_rtt0oPeJvPezFuEuC4lrJ3nMJG4Ci1Ovx3G9OS6A3rEem8ytbrME8pdkQftcmzEr9vh_h2U2Mu2RkWaISvwoIi1GyxDQkpbIH3O-aIcsLKOYGCM3oBmFU32mMkZtiQ-X_JyOII:1tE3Gs:6jlJIG0VX9TXp0hLpKOJKSVQC98Z8CR6TH_ZfklUASA','2024-12-05 09:14:42.205123');
INSERT INTO django_session VALUES('xi2l0dbbcyxn8xb4o1ht6kvvjtxoer9a','.eJxVjDsOwjAQBe_iGllm8ZeSnjNYu14bB5AtxUmFuDtESgHtm5n3EhHXpcZ15DlOLM4iiMPvRpgeuW2A79huXabelnkiuSlyp0NeO-fnZXf_DiqO-q3BalSh-OJOyVFRjEwAIRm2QWnNmg0Fr6lkr1RJFh24FAwcC3kwwOL9AfMOOBQ:1tE3Hf:DQ6zV_K5gkxvXixsWSd61DwK-Bh-dH5i5UA15rtjJ-Y','2024-12-05 09:15:31.018756');
INSERT INTO django_session VALUES('8zyq3wra01nfc4smpazinl4y990u1mcm','.eJxVjDsOwjAQBe_iGllm8ZeSnjNYu14bB5AtxUmFuDtESgHtm5n3EhHXpcZ15DlOLM4iiMPvRpgeuW2A79huXabelnkiuSlyp0NeO-fnZXf_DiqO-q3BalSh-OJOyVFRjEwAIRm2QWnNmg0Fr6lkr1RJFh24FAwcC3kwwOL9AfMOOBQ:1tG1lI:mAQpBODj1axqsihKUsi1IunXytVeFVSea1lEJ0Fg5y4','2024-12-10 20:02:16.256151');
INSERT INTO django_session VALUES('mt84dhxu87umiagaill6igwxv1jdty7a','.eJxVjDsOwjAQBe_iGllm8ZeSnjNYu14bB5AtxUmFuDtESgHtm5n3EhHXpcZ15DlOLM4iiMPvRpgeuW2A79huXabelnkiuSlyp0NeO-fnZXf_DiqO-q3BalSh-OJOyVFRjEwAIRm2QWnNmg0Fr6lkr1RJFh24FAwcC3kwwOL9AfMOOBQ:1tGDSX:XzH6hQ-EJALsedHNVnzZYJUN1MeZkCoPDtjUs4_XkPw','2024-12-11 08:31:41.859856');
INSERT INTO django_session VALUES('ry1ohfurbnbqo7jfqcapa6f8v0ibz6if','.eJxVjDsOwjAQBe_iGllm8ZeSnjNYu14bB5AtxUmFuDtESgHtm5n3EhHXpcZ15DlOLM4iiMPvRpgeuW2A79huXabelnkiuSlyp0NeO-fnZXf_DiqO-q3BalSh-OJOyVFRjEwAIRm2QWnNmg0Fr6lkr1RJFh24FAwcC3kwwOL9AfMOOBQ:1tI25S:RiqLmBIKwZ62UtZGJ9C889IyeFKz9IlAo_UdRLlLFUk','2024-12-16 08:47:22.686851');
INSERT INTO django_session VALUES('ludrkuvvek6qzblhajqva02s2peh31uo','.eJxVjDsOwjAQBe_iGllm8ZeSnjNYu14bB5AtxUmFuDtESgHtm5n3EhHXpcZ15DlOLM4iiMPvRpgeuW2A79huXabelnkiuSlyp0NeO-fnZXf_DiqO-q3BalSh-OJOyVFRjEwAIRm2QWnNmg0Fr6lkr1RJFh24FAwcC3kwwOL9AfMOOBQ:1tI27a:vETQU3hEWQHy8SWKBy_3biWD6qAncaWE7hHuF-yvMbw','2024-12-16 08:49:34.434478');
INSERT INTO django_session VALUES('yszukdzqt94624ktc8mmx8s0ulfmrrjd','.eJxVjDsOwjAQBe_iGllm8ZeSnjNYu14bB5AtxUmFuDtESgHtm5n3EhHXpcZ15DlOLM4iiMPvRpgeuW2A79huXabelnkiuSlyp0NeO-fnZXf_DiqO-q3BalSh-OJOyVFRjEwAIRm2QWnNmg0Fr6lkr1RJFh24FAwcC3kwwOL9AfMOOBQ:1tI3Pt:EigtEvjf_MtTNi2zgKCX2s75M3tjoTZgJ567yBsFUt8','2024-12-16 10:12:33.140330');
INSERT INTO django_session VALUES('s1xx3rr1u5agjp8mregetmavy1yjmig3','.eJxVjDsOwjAQBe_iGllm8ZeSnjNYu14bB5AtxUmFuDtESgHtm5n3EhHXpcZ15DlOLM4iiMPvRpgeuW2A79huXabelnkiuSlyp0NeO-fnZXf_DiqO-q3BalSh-OJOyVFRjEwAIRm2QWnNmg0Fr6lkr1RJFh24FAwcC3kwwOL9AfMOOBQ:1tI5BO:YpZ1PLG2MwQMDzCOn_z1RkuNQLKs0q5gj7TevmzwhfQ','2024-12-16 12:05:42.121472');
INSERT INTO django_session VALUES('2o1xwco8vnmcfc4vnejeywus81wyxm2s','.eJxVjDsOwjAQBe_iGllm8ZeSnjNYu14bB5AtxUmFuDtESgHtm5n3EhHXpcZ15DlOLM4iiMPvRpgeuW2A79huXabelnkiuSlyp0NeO-fnZXf_DiqO-q3BalSh-OJOyVFRjEwAIRm2QWnNmg0Fr6lkr1RJFh24FAwcC3kwwOL9AfMOOBQ:1tIPQ4:kwzE3VTBVS4IVSeHZw2TcbnC1DK91KwF48czO-J-15A','2024-12-17 09:42:12.613104');
INSERT INTO django_session VALUES('qdp0tt28uqqxgvnmwb4dyd2uay54l9iy','.eJxVjDsOwjAQBe_iGllm8ZeSnjNYu14bB5AtxUmFuDtESgHtm5n3EhHXpcZ15DlOLM4iiMPvRpgeuW2A79huXabelnkiuSlyp0NeO-fnZXf_DiqO-q3BalSh-OJOyVFRjEwAIRm2QWnNmg0Fr6lkr1RJFh24FAwcC3kwwOL9AfMOOBQ:1tIRTC:2Iq2egT6NJB3WPgpJwO7kj5NMI9-ssXwKsaqI5124wY','2024-12-17 11:53:34.967835');
INSERT INTO django_session VALUES('nnhnbye2lojwyyfx1gzrcjkjvno6qeev','.eJxVjDsOwjAQBe_iGllm8ZeSnjNYu14bB5AtxUmFuDtESgHtm5n3EhHXpcZ15DlOLM4iiMPvRpgeuW2A79huXabelnkiuSlyp0NeO-fnZXf_DiqO-q3BalSh-OJOyVFRjEwAIRm2QWnNmg0Fr6lkr1RJFh24FAwcC3kwwOL9AfMOOBQ:1tLStn:1GySvDuBGfOGCsMzfNV3vfcI9wI5Yf2LLE9vHHRCWFk','2024-12-25 20:01:31.545324');
INSERT INTO django_session VALUES('c5e9tmtduag81dv3kknycgzvm5whzdwz','.eJxVjDsOwjAQBe_iGllm8ZeSnjNYu14bB5AtxUmFuDtESgHtm5n3EhHXpcZ15DlOLM4iiMPvRpgeuW2A79huXabelnkiuSlyp0NeO-fnZXf_DiqO-q3BalSh-OJOyVFRjEwAIRm2QWnNmg0Fr6lkr1RJFh24FAwcC3kwwOL9AfMOOBQ:1tLSup:mpwvNl9IDcCQ41X5a7-p2O8uHLrpz37XtLVldILhKDk','2024-12-25 20:02:35.992456');
INSERT INTO django_session VALUES('45vidzsm9xaiu20fizgebbqaxb99995w','.eJxVjDsOwjAQBe_iGllm8ZeSnjNYu14bB5AtxUmFuDtESgHtm5n3EhHXpcZ15DlOLM4iiMPvRpgeuW2A79huXabelnkiuSlyp0NeO-fnZXf_DiqO-q3BalSh-OJOyVFRjEwAIRm2QWnNmg0Fr6lkr1RJFh24FAwcC3kwwOL9AfMOOBQ:1tLftB:K8cepmbntlS5mzy0jsv6_m2xxgViq5qslRrq3sjLtNk','2024-12-26 09:53:45.187647');
INSERT INTO django_session VALUES('fgae9uwkqa7a5mm44qjlopacav1orimv','e30:1tVNuN:qoT2P1XWNpuMTGWMKoX5L0XuIpWhcizu0B1ybHYAfA8','2025-01-22 04:43:07.793759');
INSERT INTO django_session VALUES('8tvm2jrfgtqjy0ry75w6ns2aqgzerw39','e30:1tVO14:89WJq5ccR6E6OtV52kHCHaT-fmYnmaVD3qa09p3V1eE','2025-01-22 04:50:02.473390');
INSERT INTO django_session VALUES('vbig7swu0werpx2n6mn68c55gn9l4igg','.eJxVjDsOwjAQBe_iGllm8ZeSnjNYu14bB5AtxUmFuDtESgHtm5n3EhHXpcZ15DlOLM4iiMPvRpgeuW2A79huXabelnkiuSlyp0NeO-fnZXf_DiqO-q3BalSh-OJOyVFRjEwAIRm2QWnNmg0Fr6lkr1RJFh24FAwcC3kwwOL9AfMOOBQ:1tVO79:bbXo5KT_0G08LFkgUCXGxMH0T2iUkhJ2Y_WAgQxZGB4','2025-01-22 04:56:19.103649');
INSERT INTO django_session VALUES('snw8aj7gas721lhlz9fc9rm76o0hqcro','.eJxVjDsOwjAQBe_iGllm8ZeSnjNYu14bB5AtxUmFuDtESgHtm5n3EhHXpcZ15DlOLM4iiMPvRpgeuW2A79huXabelnkiuSlyp0NeO-fnZXf_DiqO-q3BalSh-OJOyVFRjEwAIRm2QWnNmg0Fr6lkr1RJFh24FAwcC3kwwOL9AfMOOBQ:1tVORu:lcI4RdDnSlqnb9S6OkJrODrqamWrX0oLq_4r8bx2m4I','2025-01-22 05:17:46.558202');
INSERT INTO django_session VALUES('ikp23o6tvbxr50wzcdjvk9ualz5tn79p','.eJxVjDsOwjAQBe_iGllm8ZeSnjNYu14bB5AtxUmFuDtESgHtm5n3EhHXpcZ15DlOLM4iiMPvRpgeuW2A79huXabelnkiuSlyp0NeO-fnZXf_DiqO-q3BalSh-OJOyVFRjEwAIRm2QWnNmg0Fr6lkr1RJFh24FAwcC3kwwOL9AfMOOBQ:1tVOaK:qhEoxttqtBm4jYnYV-tV9zeFv4NgRMSAi0vnOHHJS5U','2025-01-22 05:26:28.033468');
INSERT INTO django_session VALUES('vshueeqkj20q8zpv5p6lekk12aujhpbi','.eJxVjDsOwjAQBe_iGllm8ZeSnjNYu14bB5AtxUmFuDtESgHtm5n3EhHXpcZ15DlOLM4iiMPvRpgeuW2A79huXabelnkiuSlyp0NeO-fnZXf_DiqO-q3BalSh-OJOyVFRjEwAIRm2QWnNmg0Fr6lkr1RJFh24FAwcC3kwwOL9AfMOOBQ:1tVOoM:Yk84OW_5Q3tGWHbd7fueSc6BNgwCW4XHBEXJChwSEKw','2025-01-22 05:40:58.742871');
INSERT INTO django_session VALUES('6tmqqh3sq1h38ma589isz2reti3osobe','.eJxVjDsOwjAQBe_iGllm8ZeSnjNYu14bB5AtxUmFuDtESgHtm5n3EhHXpcZ15DlOLM4iiMPvRpgeuW2A79huXabelnkiuSlyp0NeO-fnZXf_DiqO-q3BalSh-OJOyVFRjEwAIRm2QWnNmg0Fr6lkr1RJFh24FAwcC3kwwOL9AfMOOBQ:1tVOti:a_UkGg_h6YG-tVO0dLaBvFMVVEvDUdXswrCYFjQeHdg','2025-01-22 05:46:30.336754');
INSERT INTO django_session VALUES('5p630taj2cu40ku1ygfq4xcqx37lyq28','.eJxVjDsOwjAQBe_iGllm8ZeSnjNYu14bB5AtxUmFuDtESgHtm5n3EhHXpcZ15DlOLM4iiMPvRpgeuW2A79huXabelnkiuSlyp0NeO-fnZXf_DiqO-q3BalSh-OJOyVFRjEwAIRm2QWnNmg0Fr6lkr1RJFh24FAwcC3kwwOL9AfMOOBQ:1tVOzY:Befusl4XzSJ0VDdMh4TyvQKlHAUK6Ta8sNodq1nqDJ4','2025-01-22 05:52:32.533238');
INSERT INTO django_session VALUES('zkd49feqn0fdc31xseno1624wir0wa3z','.eJxVjDsOwjAQBe_iGllm8ZeSnjNYu14bB5AtxUmFuDtESgHtm5n3EhHXpcZ15DlOLM4iiMPvRpgeuW2A79huXabelnkiuSlyp0NeO-fnZXf_DiqO-q3BalSh-OJOyVFRjEwAIRm2QWnNmg0Fr6lkr1RJFh24FAwcC3kwwOL9AfMOOBQ:1tWZtg:rbU29WS0cuItKcg6FBEr2TugzjRbJjO8LPATkaeCKAY','2025-01-25 11:43:20.037751');
INSERT INTO django_session VALUES('tnuss0e9hl78598r8d6g2kedoa4mkov4','.eJxVjDsOwjAQBe_iGllm8ZeSnjNYu14bB5AtxUmFuDtESgHtm5n3EhHXpcZ15DlOLM4iiMPvRpgeuW2A79huXabelnkiuSlyp0NeO-fnZXf_DiqO-q3BalSh-OJOyVFRjEwAIRm2QWnNmg0Fr6lkr1RJFh24FAwcC3kwwOL9AfMOOBQ:1tWa0h:HkoLEF4P8zv77l5x0mhIxf5cKofVUJati9YxZ3I5pCg','2025-01-25 11:50:35.556252');
INSERT INTO django_session VALUES('yq3zfg2ktvj0jkx7eg5y2e0lycpvt9a1','.eJxVjDsOwjAQBe_iGllm8ZeSnjNYu14bB5AtxUmFuDtESgHtm5n3EhHXpcZ15DlOLM4iiMPvRpgeuW2A79huXabelnkiuSlyp0NeO-fnZXf_DiqO-q3BalSh-OJOyVFRjEwAIRm2QWnNmg0Fr6lkr1RJFh24FAwcC3kwwOL9AfMOOBQ:1tWaWs:L1k0j7PzhDcWtNGHCTKeQpY74ol9vYcX3b2wSG-OV0Q','2025-01-25 12:23:50.002567');
INSERT INTO django_session VALUES('vpjfbesnvn52cdslm73p6k33a0oq3smi','.eJxVjDsOwjAQBe_iGllm8ZeSnjNYu14bB5AtxUmFuDtESgHtm5n3EhHXpcZ15DlOLM4iiMPvRpgeuW2A79huXabelnkiuSlyp0NeO-fnZXf_DiqO-q3BalSh-OJOyVFRjEwAIRm2QWnNmg0Fr6lkr1RJFh24FAwcC3kwwOL9AfMOOBQ:1tWax1:SvMN6LYM49UtBhVYI2kohkWCdAjzZMx9G_6mnlkwDow','2025-01-25 12:50:51.977408');
INSERT INTO django_session VALUES('c13oalhv4uka1hk6goi45xzg6zj9dj9x','.eJxVjDsOwjAQBe_iGllm8ZeSnjNYu14bB5AtxUmFuDtESgHtm5n3EhHXpcZ15DlOLM4iiMPvRpgeuW2A79huXabelnkiuSlyp0NeO-fnZXf_DiqO-q3BalSh-OJOyVFRjEwAIRm2QWnNmg0Fr6lkr1RJFh24FAwcC3kwwOL9AfMOOBQ:1tWbES:cUNDbAyb58nXQHrifGIL3X62FXziiyasCnY_XuwyFXw','2025-01-25 13:08:52.744027');
INSERT INTO django_session VALUES('mc5lkpltl4v91ln2ejlky5fbpaci94jg','.eJxVjDEOwjAMRe-SGUVJDEnDyM4ZKtuxSQG1UtNOiLtDpQ6w_vfef5ke16X2a5O5H4o5m9CZw-9IyA8ZN1LuON4my9O4zAPZTbE7bfY6FXledvfvoGKr31rBRYFE4ih3DKxHDvEUUyBSVAhQfBRWr-gUJQTwmQU5l-SYwCfz_gArADkX:1tWbkb:oAWfmlOGX9CGPF9ZHYhnUE97rKNsmeoSY97AnucMVMo','2025-01-25 13:42:05.928685');
INSERT INTO django_session VALUES('aksl8z0zjqi2vyx4xjjkqieeo8m88ogt','.eJxVjDEOwjAMRe-SGUVJDEnDyM4ZKtuxSQG1UtNOiLtDpQ6w_vfef5ke16X2a5O5H4o5m9CZw-9IyA8ZN1LuON4my9O4zAPZTbE7bfY6FXledvfvoGKr31rBRYFE4ih3DKxHDvEUUyBSVAhQfBRWr-gUJQTwmQU5l-SYwCfz_gArADkX:1tWbs7:aP3kQMWSMGkWHTCexiqAohysDc1T8J52EC0JSdeVWfg','2025-01-25 13:49:51.530980');
INSERT INTO django_session VALUES('zn9qzwjyq3fpu9v9hn95a7ywxkz2p8p8','.eJxVjDEOwjAMRe-SGUVJDEnDyM4ZKtuxSQG1UtNOiLtDpQ6w_vfef5ke16X2a5O5H4o5m9CZw-9IyA8ZN1LuON4my9O4zAPZTbE7bfY6FXledvfvoGKr31rBRYFE4ih3DKxHDvEUUyBSVAhQfBRWr-gUJQTwmQU5l-SYwCfz_gArADkX:1tWbuk:he32o1rBRRhEXTYnUopA2eePny8Xsq_UgpHkkkLJVMY','2025-01-25 13:52:34.947500');
INSERT INTO django_session VALUES('gai6j2gs2uu8ce4ud59gnstt50c67g0q','.eJxVjDsOwjAQBe_iGllm8ZeSnjNYu14bB5AtxUmFuDtESgHtm5n3EhHXpcZ15DlOLM4iiMPvRpgeuW2A79huXabelnkiuSlyp0NeO-fnZXf_DiqO-q3BalSh-OJOyVFRjEwAIRm2QWnNmg0Fr6lkr1RJFh24FAwcC3kwwOL9AfMOOBQ:1tXJEX:ISSs0_fz57P6KBkFMc8opOBFj6W_q53C2mgLYGevRO8','2025-01-27 12:07:53.631536');
INSERT INTO django_session VALUES('aaqr2zrbtchoupr325p2xue8e7p6m04e','.eJxVjDsOwjAQBe_iGllm8ZeSnjNYu14bB5AtxUmFuDtESgHtm5n3EhHXpcZ15DlOLM4iiMPvRpgeuW2A79huXabelnkiuSlyp0NeO-fnZXf_DiqO-q3BalSh-OJOyVFRjEwAIRm2QWnNmg0Fr6lkr1RJFh24FAwcC3kwwOL9AfMOOBQ:1tXJK7:9xmklPeD2goVUmt3LffoGgicGgAzzjGUJ40Jlj3Kb0M','2025-01-27 12:13:39.946552');
INSERT INTO django_session VALUES('j46ed7ibp5sgcwxboogwvtmwhmcba5b6','.eJxVjDsOwjAQBe_iGllm8ZeSnjNYu14bB5AtxUmFuDtESgHtm5n3EhHXpcZ15DlOLM4iiMPvRpgeuW2A79huXabelnkiuSlyp0NeO-fnZXf_DiqO-q3BalSh-OJOyVFRjEwAIRm2QWnNmg0Fr6lkr1RJFh24FAwcC3kwwOL9AfMOOBQ:1tXKHf:T46GfPyFTOAFsdVdnTvI8KfYAJBmtmOYLNhfVYt0gBk','2025-01-27 13:15:11.049943');
INSERT INTO django_session VALUES('y37780a00f6c5d30yhulai1mm23sxexz','.eJxVjDsOwjAQBe_iGllm8ZeSnjNYu14bB5AtxUmFuDtESgHtm5n3EhHXpcZ15DlOLM4iiMPvRpgeuW2A79huXabelnkiuSlyp0NeO-fnZXf_DiqO-q3BalSh-OJOyVFRjEwAIRm2QWnNmg0Fr6lkr1RJFh24FAwcC3kwwOL9AfMOOBQ:1tXcTh:Fx61ElLWCAES5N9SPENWNElX2BINM6b94zxx5vo3a2A','2025-01-28 08:40:49.370836');
INSERT INTO django_session VALUES('i4abzjsqecntksqti2a43qxwttdgdpi2','.eJxVjDEOwjAMRe-SGUVJDEnDyM4ZKtuxSQG1UtNOiLtDpQ6w_vfef5ke16X2a5O5H4o5m9CZw-9IyA8ZN1LuON4my9O4zAPZTbE7bfY6FXledvfvoGKr31rBRYFE4ih3DKxHDvEUUyBSVAhQfBRWr-gUJQTwmQU5l-SYwCfz_gArADkX:1tXvbB:PDJrsEkOx4KEfpSkHqxSlBgITiIQk0Psya5RjjyE3Xk','2025-01-29 05:05:49.694294');
INSERT INTO django_session VALUES('edsdwctw3w7x1lur4oeqigdz54jj0hjf','.eJxVjDEOwjAMRe-SGUVJDEnDyM4ZKtuxSQG1UtNOiLtDpQ6w_vfef5ke16X2a5O5H4o5m9CZw-9IyA8ZN1LuON4my9O4zAPZTbE7bfY6FXledvfvoGKr31rBRYFE4ih3DKxHDvEUUyBSVAhQfBRWr-gUJQTwmQU5l-SYwCfz_gArADkX:1tXvij:4IgFgWLoZxZL6ML8FfIw7_blJyCU_DXX6reIZ_qOFqc','2025-01-29 05:13:37.261786');
INSERT INTO django_session VALUES('fxv7ntrrwaob9untc9m4zmdx4i0gh0bp','.eJxVjDsOwjAQBe_iGllm8ZeSnjNYu14bB5AtxUmFuDtESgHtm5n3EhHXpcZ15DlOLM4iiMPvRpgeuW2A79huXabelnkiuSlyp0NeO-fnZXf_DiqO-q3BalSh-OJOyVFRjEwAIRm2QWnNmg0Fr6lkr1RJFh24FAwcC3kwwOL9AfMOOBQ:1tYRlg:w4fhvIJ6ZVl0lD_uRuxAfTOyg-QJDMpPYdmLQr4bikg','2025-01-30 15:26:48.866071');
INSERT INTO django_session VALUES('1p8hac2ebpvvtu2fwraxa7hgwq611z3a','.eJxVjDsOwjAQBe_iGllm8ZeSnjNYu14bB5AtxUmFuDtESgHtm5n3EhHXpcZ15DlOLM4iiMPvRpgeuW2A79huXabelnkiuSlyp0NeO-fnZXf_DiqO-q3BalSh-OJOyVFRjEwAIRm2QWnNmg0Fr6lkr1RJFh24FAwcC3kwwOL9AfMOOBQ:1tYVM3:G3FlIr_C53z-2CYIPLC1q6yBJHyFjl4DDGvbPmQs8C0','2025-01-30 19:16:35.146067');
INSERT INTO django_session VALUES('gwz0m39qrwb2j0kidcfgyov7xjyctsn5','.eJxVjDsOwjAQBe_iGllm8ZeSnjNYu14bB5AtxUmFuDtESgHtm5n3EhHXpcZ15DlOLM4iiMPvRpgeuW2A79huXabelnkiuSlyp0NeO-fnZXf_DiqO-q3BalSh-OJOyVFRjEwAIRm2QWnNmg0Fr6lkr1RJFh24FAwcC3kwwOL9AfMOOBQ:1tYVRR:hJWQcK8AMCFrRrsZZm8SSoMgIN0CVQXKj3t7hPmNX_8','2025-01-30 19:22:09.455725');
INSERT INTO django_session VALUES('q8yhe8pfte86vpphar150ry32jv3klk7','.eJxVjDsOwjAQBe_iGllm8ZeSnjNYu14bB5AtxUmFuDtESgHtm5n3EhHXpcZ15DlOLM4iiMPvRpgeuW2A79huXabelnkiuSlyp0NeO-fnZXf_DiqO-q3BalSh-OJOyVFRjEwAIRm2QWnNmg0Fr6lkr1RJFh24FAwcC3kwwOL9AfMOOBQ:1tYX5j:bhSC021QcPJ_5VehAKloeocGjbx36PRFIQcSJpvgR24','2025-01-30 21:07:51.021895');
INSERT INTO django_session VALUES('ci3kfhnj8paj8gdywre4p1odsikmjihf','.eJxVjDsOwjAQBe_iGllm8ZeSnjNYu14bB5AtxUmFuDtESgHtm5n3EhHXpcZ15DlOLM4iiMPvRpgeuW2A79huXabelnkiuSlyp0NeO-fnZXf_DiqO-q3BalSh-OJOyVFRjEwAIRm2QWnNmg0Fr6lkr1RJFh24FAwcC3kwwOL9AfMOOBQ:1tYY5y:XB9OYVfzKlMHIkx4FeG8PZ8jzgqJC8TeJfBveZN7w9c','2025-01-30 22:12:10.141651');
INSERT INTO django_session VALUES('vasiqzbyjy0xyzqpny433p33zawukfzo','.eJxVjDsOwjAQBe_iGllm8ZeSnjNYu14bB5AtxUmFuDtESgHtm5n3EhHXpcZ15DlOLM4iiMPvRpgeuW2A79huXabelnkiuSlyp0NeO-fnZXf_DiqO-q3BalSh-OJOyVFRjEwAIRm2QWnNmg0Fr6lkr1RJFh24FAwcC3kwwOL9AfMOOBQ:1tYYlj:71P8jD_H2lMbIHI_tRCVUkWlVBJ0hE7F217lS183g40','2025-01-30 22:55:19.658855');
INSERT INTO django_session VALUES('d61663i2gvnath1sj29hpuncj3e7w8y3','.eJxVjDsOwjAQBe_iGllm8ZeSnjNYu14bB5AtxUmFuDtESgHtm5n3EhHXpcZ15DlOLM4iiMPvRpgeuW2A79huXabelnkiuSlyp0NeO-fnZXf_DiqO-q3BalSh-OJOyVFRjEwAIRm2QWnNmg0Fr6lkr1RJFh24FAwcC3kwwOL9AfMOOBQ:1tYYzK:GEWuV0LSwuTqapmibPsqLlwq8OwUdQ5Zn16szrFJyxY','2025-01-30 23:09:22.008308');
INSERT INTO django_session VALUES('dulyzirfzklxlyitnzzl204dqmzs2lbx','.eJxVjDsOwjAQBe_iGllm8ZeSnjNYu14bB5AtxUmFuDtESgHtm5n3EhHXpcZ15DlOLM4iiMPvRpgeuW2A79huXabelnkiuSlyp0NeO-fnZXf_DiqO-q3BalSh-OJOyVFRjEwAIRm2QWnNmg0Fr6lkr1RJFh24FAwcC3kwwOL9AfMOOBQ:1tYZ1B:OK0q1lEX1nQ6HRnTq-XHjTs7vOloMABYEgQKmgnXov0','2025-01-30 23:11:17.431832');
INSERT INTO django_session VALUES('55xehe83htxebtjx1i2qwm7abm7rb661','.eJxVjDsOwjAQBe_iGllm8ZeSnjNYu14bB5AtxUmFuDtESgHtm5n3EhHXpcZ15DlOLM4iiMPvRpgeuW2A79huXabelnkiuSlyp0NeO-fnZXf_DiqO-q3BalSh-OJOyVFRjEwAIRm2QWnNmg0Fr6lkr1RJFh24FAwcC3kwwOL9AfMOOBQ:1tYZQc:RMq6bBH9ncH0zZetjmYXS_psagT2w-MxU--dnF5rIUA','2025-01-30 23:37:34.310257');
INSERT INTO django_session VALUES('jqtmfbx5nl6cm9clrbxxgaxoq47aq28f','.eJxVjDsOwjAQBe_iGllm8ZeSnjNYu14bB5AtxUmFuDtESgHtm5n3EhHXpcZ15DlOLM4iiMPvRpgeuW2A79huXabelnkiuSlyp0NeO-fnZXf_DiqO-q3BalSh-OJOyVFRjEwAIRm2QWnNmg0Fr6lkr1RJFh24FAwcC3kwwOL9AfMOOBQ:1tYZwd:twvnd6tOJtPX4zUWqriVnQykbDb5pGZ9Ze0ajkaK5Yc','2025-01-31 00:10:39.099446');
INSERT INTO django_session VALUES('42ua78amxutrat39rf1541wrkx4bat4k','.eJxVjDsOwjAQBe_iGllm8ZeSnjNYu14bB5AtxUmFuDtESgHtm5n3EhHXpcZ15DlOLM4iiMPvRpgeuW2A79huXabelnkiuSlyp0NeO-fnZXf_DiqO-q3BalSh-OJOyVFRjEwAIRm2QWnNmg0Fr6lkr1RJFh24FAwcC3kwwOL9AfMOOBQ:1tYZzx:PwAUjJYwYvyb5UjssVFtItKb8WC1teZHLlFFUIbuSnk','2025-01-31 00:14:05.768736');
INSERT INTO django_session VALUES('22dwtri6l6prh7o13hctajoqyokqyghm','.eJxVjDsOwjAQBe_iGllm8ZeSnjNYu14bB5AtxUmFuDtESgHtm5n3EhHXpcZ15DlOLM4iiMPvRpgeuW2A79huXabelnkiuSlyp0NeO-fnZXf_DiqO-q3BalSh-OJOyVFRjEwAIRm2QWnNmg0Fr6lkr1RJFh24FAwcC3kwwOL9AfMOOBQ:1tYaeD:TnltP_gQrH9QSs7jhE5tgL0gXXbglR3yR341fLIiWUI','2025-01-31 00:55:41.071552');
INSERT INTO django_session VALUES('hwxxtcsddupzucm5wnnhhx7tabaude4k','.eJxVjDsOwjAQBe_iGlkxjh2bkj5nsHb32SSAHCmfCnF3iJQC2jcz76USbeuQtiXPaYS6KOPU6XdkkkeuO8Gd6m3SMtV1Hlnvij7oovsJ-Xk93L-DgZbhW_sWnbXSWERp2NlYSjCA7SRCMnMHiLeE3HIToglnLgTPDoFc9N6r9wcoAzkH:1tYbyi:oFkWtrhgD0R4_uf68c-jnRllCTGch2EN8OCAU0EKoxs','2025-01-31 02:20:56.869100');
INSERT INTO django_session VALUES('jkmav3ykji0ohdhz7bkyqy66cv8xkznb','.eJxVjDsOwjAQBe_iGlkxjh2bkj5nsHb32SSAHCmfCnF3iJQC2jcz76USbeuQtiXPaYS6KOPU6XdkkkeuO8Gd6m3SMtV1Hlnvij7oovsJ-Xk93L-DgZbhW_sWnbXSWERp2NlYSjCA7SRCMnMHiLeE3HIToglnLgTPDoFc9N6r9wcoAzkH:1tZ10O:fWQqiGGBiAlnRlb3Uo8vFokHuVWlMTvcOmSiIYmnaRQ','2025-02-01 05:04:20.767968');
INSERT INTO django_session VALUES('jqz4r34qauui1q6ylfgu6jldaxrd1tbu','.eJxVjDsOwjAQBe_iGlkxjh2bkj5nsHb32SSAHCmfCnF3iJQC2jcz76USbeuQtiXPaYS6KOPU6XdkkkeuO8Gd6m3SMtV1Hlnvij7oovsJ-Xk93L-DgZbhW_sWnbXSWERp2NlYSjCA7SRCMnMHiLeE3HIToglnLgTPDoFc9N6r9wcoAzkH:1tZ1J1:eD5tGk99Qow09cvnlyW46s_u53uihfnpPDMovSraKsU','2025-02-01 05:23:35.420279');
INSERT INTO django_session VALUES('3axumi7b5kwc7obpxyv3jcqbpz94ujam','.eJxVjDsOwjAQBe_iGlkxjh2bkj5nsHb32SSAHCmfCnF3iJQC2jcz76USbeuQtiXPaYS6KOPU6XdkkkeuO8Gd6m3SMtV1Hlnvij7oovsJ-Xk93L-DgZbhW_sWnbXSWERp2NlYSjCA7SRCMnMHiLeE3HIToglnLgTPDoFc9N6r9wcoAzkH:1tZ9J0:reJwssWgjR0Hjhb-4wX5xEK3BPZwpU7f3FjK85TQljI','2025-02-01 13:56:06.923383');
INSERT INTO django_session VALUES('cuf5yp3w9p7oie4g7mz0wifp09r721ir','.eJxVjDsOwjAQBe_iGlkxjh2bkj5nsHb32SSAHCmfCnF3iJQC2jcz76USbeuQtiXPaYS6KOPU6XdkkkeuO8Gd6m3SMtV1Hlnvij7oovsJ-Xk93L-DgZbhW_sWnbXSWERp2NlYSjCA7SRCMnMHiLeE3HIToglnLgTPDoFc9N6r9wcoAzkH:1tZ9N9:SoMGcTERC8tBx-qB6qPp38FWSnVh3RPiPaiAICnCWPI','2025-02-01 14:00:23.145900');
INSERT INTO django_session VALUES('cq7z8x8ybebr14skqcttym4tgpo7h2p5','.eJxVjDsOwjAQBe_iGllm8ZeSnjNYu14bB5AtxUmFuDtESgHtm5n3EhHXpcZ15DlOLM4iiMPvRpgeuW2A79huXabelnkiuSlyp0NeO-fnZXf_DiqO-q3BalSh-OJOyVFRjEwAIRm2QWnNmg0Fr6lkr1RJFh24FAwcC3kwwOL9AfMOOBQ:1tZ9ZG:XeExf2QaEplwk8M-9x4zKAI9dJRogDh2MQgwzvF1YSc','2025-02-01 14:12:54.905105');
INSERT INTO django_session VALUES('eavzdsx0u4jmu3dzgvyufn2qqiv8rmg7','.eJxVjDsOwjAQBe_iGllm8ZeSnjNYu14bB5AtxUmFuDtESgHtm5n3EhHXpcZ15DlOLM4iiMPvRpgeuW2A79huXabelnkiuSlyp0NeO-fnZXf_DiqO-q3BalSh-OJOyVFRjEwAIRm2QWnNmg0Fr6lkr1RJFh24FAwcC3kwwOL9AfMOOBQ:1tZ9ew:GNSZB-b_Ftm9CNQzPIZUz31ZXVYiIaTC6Bt7dwzN518','2025-02-01 14:18:46.168151');
INSERT INTO django_session VALUES('n678jbzzbs58jdwfqcuvkun98nyora0n','.eJxVjDsOwjAQBe_iGlkxjh2bkj5nsHb32SSAHCmfCnF3iJQC2jcz76USbeuQtiXPaYS6KOPU6XdkkkeuO8Gd6m3SMtV1Hlnvij7oovsJ-Xk93L-DgZbhW_sWnbXSWERp2NlYSjCA7SRCMnMHiLeE3HIToglnLgTPDoFc9N6r9wcoAzkH:1tZ9gf:d-HMoTjE6cjtdwSMC8a1xKf8H5MX-ov6tT3bvjJ8d3U','2025-02-01 14:20:33.298216');
INSERT INTO django_session VALUES('tcg9llw8n1ionxb3fu7vv2ffn4860vbm','.eJxVjDsOwjAQBe_iGlkxjh2bkj5nsHb32SSAHCmfCnF3iJQC2jcz76USbeuQtiXPaYS6KOPU6XdkkkeuO8Gd6m3SMtV1Hlnvij7oovsJ-Xk93L-DgZbhW_sWnbXSWERp2NlYSjCA7SRCMnMHiLeE3HIToglnLgTPDoFc9N6r9wcoAzkH:1tZA2v:HVSCuwVmXdIqnuIZpM9f6mlWDB_a3z-V9DS0-0ABzrE','2025-02-01 14:43:33.974436');
INSERT INTO django_session VALUES('bc8445cy32bgvif01sacd5bmiitulq3u','.eJxVjDsOwjAQBe_iGlkxjh2bkj5nsHb32SSAHCmfCnF3iJQC2jcz76USbeuQtiXPaYS6KOPU6XdkkkeuO8Gd6m3SMtV1Hlnvij7oovsJ-Xk93L-DgZbhW_sWnbXSWERp2NlYSjCA7SRCMnMHiLeE3HIToglnLgTPDoFc9N6r9wcoAzkH:1tZA5l:lXHyQDN74UlRrxjeLn54GEvW9iGkNJDKNL_UmdpES-A','2025-02-01 14:46:29.799982');
INSERT INTO django_session VALUES('8qwyb3ettaeu1a4mva5nkvoccyhbxjqs','.eJxVjDsOwjAQBe_iGlkxjh2bkj5nsHb32SSAHCmfCnF3iJQC2jcz76USbeuQtiXPaYS6KOPU6XdkkkeuO8Gd6m3SMtV1Hlnvij7oovsJ-Xk93L-DgZbhW_sWnbXSWERp2NlYSjCA7SRCMnMHiLeE3HIToglnLgTPDoFc9N6r9wcoAzkH:1tZAAy:DOB3ZVH_7awp57DaepOURNNlCRUtWA84P2DleJ7ielA','2025-02-01 14:51:52.361900');
INSERT INTO django_session VALUES('9kiac3v6fixv5umpmb45xpw1pkv5wwjj','.eJxVjMEOwiAQRP-FsyGAZQWP3vsNZFkWqRpISnsy_rtt0oMeZ96beYuA61LC2nkOUxJXoY04_ZYR6cl1J-mB9d4ktbrMU5S7Ig_a5dgSv26H-3dQsJdtTUh8dtEBeEOosiIDbG3WMORI5Amt8koZTxk9gLY8XIw26DIxbFl8vh1KODQ:1tZAC2:0gWdkXDcXTZEMCoFSa3lFK2bryhsa6IQSrb2YoVTKYc','2025-02-01 14:52:58.803631');
INSERT INTO django_session VALUES('0mbhjyfwpcg0fnqkdhj2pn6wrpz2nvpr','.eJxVjMEOwiAQRP-FsyGAZQWP3vsNZFkWqRpISnsy_rtt0oMeZ96beYuA61LC2nkOUxJXoY04_ZYR6cl1J-mB9d4ktbrMU5S7Ig_a5dgSv26H-3dQsJdtTUh8dtEBeEOosiIDbG3WMORI5Amt8koZTxk9gLY8XIw26DIxbFl8vh1KODQ:1tZAFV:8HTagMhEcw-MbpyH38RHkhWg5RmTRHCQyye5bTe77ZA','2025-02-01 14:56:33.714177');
INSERT INTO django_session VALUES('kw6hts9ywmfg1hh27of1ekhg8xth8baq','.eJxVjMEOwiAQRP-FsyGAZQWP3vsNZFkWqRpISnsy_rtt0oMeZ96beYuA61LC2nkOUxJXoY04_ZYR6cl1J-mB9d4ktbrMU5S7Ig_a5dgSv26H-3dQsJdtTUh8dtEBeEOosiIDbG3WMORI5Amt8koZTxk9gLY8XIw26DIxbFl8vh1KODQ:1tZAHI:97lUmaMlp8dPWOO19jFJydHkBO-pZEqEfGCExpa18hA','2025-02-01 14:58:24.876687');
INSERT INTO django_session VALUES('887tvn0o5g2jn4eksvspn4pdlezw7q9f','.eJxVjMEOwiAQRP-FsyGAZQWP3vsNZFkWqRpISnsy_rtt0oMeZ96beYuA61LC2nkOUxJXoY04_ZYR6cl1J-mB9d4ktbrMU5S7Ig_a5dgSv26H-3dQsJdtTUh8dtEBeEOosiIDbG3WMORI5Amt8koZTxk9gLY8XIw26DIxbFl8vh1KODQ:1tZAIe:tz8CLoC-bSx76xGztM3hJ_Pj6Mwsv_GQDYuwNqdkKJM','2025-02-01 14:59:48.246497');
INSERT INTO django_session VALUES('baj8f5sv4uf6bsorgnxdfa88yhdq763d','.eJxVjMEOwiAQRP-FsyGAZQWP3vsNZFkWqRpISnsy_rtt0oMeZ96beYuA61LC2nkOUxJXoY04_ZYR6cl1J-mB9d4ktbrMU5S7Ig_a5dgSv26H-3dQsJdtTUh8dtEBeEOosiIDbG3WMORI5Amt8koZTxk9gLY8XIw26DIxbFl8vh1KODQ:1tZAKF:Ow0NXbjWn0sR5nj8qYVyX1pvj5Kx2w9wSSusk0O9_kY','2025-02-01 15:01:27.330436');
INSERT INTO django_session VALUES('jwlyuvnh881xp7e9msi4a1n1y7zpml6s','.eJxVjDsOwjAQBe_iGllm8ZeSnjNYu14bB5AtxUmFuDtESgHtm5n3EhHXpcZ15DlOLM4iiMPvRpgeuW2A79huXabelnkiuSlyp0NeO-fnZXf_DiqO-q3BalSh-OJOyVFRjEwAIRm2QWnNmg0Fr6lkr1RJFh24FAwcC3kwwOL9AfMOOBQ:1tZAWm:Bjsq9x-RLQomaSFj1baz0J4YVDgeV9-fqd9itknWHUQ','2025-02-01 15:14:24.723327');
INSERT INTO django_session VALUES('2zcsircn60lzf2emwdx3vrnvzwpdurgr','.eJxVjDsOwjAQBe_iGlmx179Q0ucM1q4_OIBsKU4qxN1JpBTQvpl5b-ZxW4vfelr8HNmVCcUuvyNheKZ6kPjAem88tLouM_FD4SftfGoxvW6n-3dQsJe9BoI8Ohe0hugCOo0i2T0XdjSDkZkUSCUUmUFbBQ4zZUjZ2qhzIInIPl8EsTho:1tZAXb:SuTKDTJ4VIwbkXOHb9tdvxpwd40F4elJgaO_YhQYBKw','2025-02-01 15:15:15.822141');
INSERT INTO django_session VALUES('yca7zzncsfty4x4w54qo8u4wwcrsmabm','.eJxVjDsOwjAQBe_iGllm8ZeSnjNYu14bB5AtxUmFuDtESgHtm5n3EhHXpcZ15DlOLM4iiMPvRpgeuW2A79huXabelnkiuSlyp0NeO-fnZXf_DiqO-q3BalSh-OJOyVFRjEwAIRm2QWnNmg0Fr6lkr1RJFh24FAwcC3kwwOL9AfMOOBQ:1tZAaS:P62rF9e6_cWGTdAbqIsEKOl9x1Z-MFQkMJlRX1Y7nRI','2025-02-01 15:18:12.407373');
INSERT INTO django_session VALUES('qxn7kzsfx6zdheysljf6x83sk3sgdobq','.eJxVjDsOwjAQBe_iGlmx179Q0ucM1q4_OIBsKU4qxN1JpBTQvpl5b-ZxW4vfelr8HNmVCcUuvyNheKZ6kPjAem88tLouM_FD4SftfGoxvW6n-3dQsJe9BoI8Ohe0hugCOo0i2T0XdjSDkZkUSCUUmUFbBQ4zZUjZ2qhzIInIPl8EsTho:1tZAgK:XsjApVkQt6qIw3VJLvSZwSnUz4FPB6lu8gjhvTYKbnA','2025-02-01 15:24:16.665570');
INSERT INTO django_session VALUES('jcd3qujo18ob4lu7ijgn880e8e81q0xa','.eJxVjDsOwjAQBe_iGlmx179Q0ucM1q4_OIBsKU4qxN1JpBTQvpl5b-ZxW4vfelr8HNmVCcUuvyNheKZ6kPjAem88tLouM_FD4SftfGoxvW6n-3dQsJe9BoI8Ohe0hugCOo0i2T0XdjSDkZkUSCUUmUFbBQ4zZUjZ2qhzIInIPl8EsTho:1tZAy8:QT2XWID7LJ-lrE712e4PPm9WvF63h0xPB0CZk90pr_Y','2025-02-01 15:42:40.343782');
INSERT INTO django_session VALUES('3ygvpb1or0o57ie8nkzttse9rgalep2j','.eJxVjDsOwjAQBe_iGlmx179Q0ucM1q4_OIBsKU4qxN1JpBTQvpl5b-ZxW4vfelr8HNmVCcUuvyNheKZ6kPjAem88tLouM_FD4SftfGoxvW6n-3dQsJe9BoI8Ohe0hugCOo0i2T0XdjSDkZkUSCUUmUFbBQ4zZUjZ2qhzIInIPl8EsTho:1tZB0u:Fjngs6kEySCH8cIVwljtx4JJ8-PHsqRoJ5ZdR15J_m4','2025-02-01 15:45:32.087884');
INSERT INTO django_session VALUES('avlhq4hmx8nx6prxhfl58fhmim21wl5l','.eJxVjDsOwjAQBe_iGlkxjh2bkj5nsHb32SSAHCmfCnF3iJQC2jcz76USbeuQtiXPaYS6KOPU6XdkkkeuO8Gd6m3SMtV1Hlnvij7oovsJ-Xk93L-DgZbhW_sWnbXSWERp2NlYSjCA7SRCMnMHiLeE3HIToglnLgTPDoFc9N6r9wcoAzkH:1tZBQd:vj5itxbCOjKecOMUzmkDjoe55fC7tmLRTPBO8_w4aes','2025-02-01 16:12:07.643903');
INSERT INTO django_session VALUES('mw9xmd7s0op2sfy9130am0xgqrk1h9pw','.eJxVjDsOwjAQBe_iGlmx179Q0ucM1q4_OIBsKU4qxN1JpBTQvpl5b-ZxW4vfelr8HNmVCcUuvyNheKZ6kPjAem88tLouM_FD4SftfGoxvW6n-3dQsJe9BoI8Ohe0hugCOo0i2T0XdjSDkZkUSCUUmUFbBQ4zZUjZ2qhzIInIPl8EsTho:1tZBUp:0CWTYyRRgWkorDm9RvaOLmILgc6nzweb_L_X99845Us','2025-02-01 16:16:27.020954');
INSERT INTO django_session VALUES('qkw0oqmb7ftteqle56h15ynb72a6qdj3','.eJxVjDsOwjAQBe_iGlkxjh2bkj5nsHb32SSAHCmfCnF3iJQC2jcz76USbeuQtiXPaYS6KOPU6XdkkkeuO8Gd6m3SMtV1Hlnvij7oovsJ-Xk93L-DgZbhW_sWnbXSWERp2NlYSjCA7SRCMnMHiLeE3HIToglnLgTPDoFc9N6r9wcoAzkH:1tZBrq:p5Nl6n36P140FrmtEeQDu9Ys-XWqqKc1pIIAro2PVjQ','2025-02-01 16:40:14.812216');
INSERT INTO django_session VALUES('odr9empd5ej13v7nfipi7igq2xxl8c4x','.eJxVjDsOwjAQBe_iGlkxjh2bkj5nsHb32SSAHCmfCnF3iJQC2jcz76USbeuQtiXPaYS6KOPU6XdkkkeuO8Gd6m3SMtV1Hlnvij7oovsJ-Xk93L-DgZbhW_sWnbXSWERp2NlYSjCA7SRCMnMHiLeE3HIToglnLgTPDoFc9N6r9wcoAzkH:1tZBvp:tYdK4JBEdVfgSV8RRun0Q1xzecMWMeHhXUGtb2jK5kU','2025-02-01 16:44:21.984988');
INSERT INTO django_session VALUES('iwyscppknci8f6c2dxysdjshc5yamsba','.eJxVjDsOwjAQBe_iGlkxjh2bkj5nsHb32SSAHCmfCnF3iJQC2jcz76USbeuQtiXPaYS6KOPU6XdkkkeuO8Gd6m3SMtV1Hlnvij7oovsJ-Xk93L-DgZbhW_sWnbXSWERp2NlYSjCA7SRCMnMHiLeE3HIToglnLgTPDoFc9N6r9wcoAzkH:1tZBxB:6CmzSF1Z5vIzMOCkvkDx7DP4l9OlzIPEPu8T2G78OFA','2025-02-01 16:45:45.354595');
INSERT INTO django_session VALUES('gkq0bdsnlr2ib36h4lsbgobeyvrnbvej','.eJxVjDsOwjAQBe_iGlkxjh2bkj5nsHb32SSAHCmfCnF3iJQC2jcz76USbeuQtiXPaYS6KOPU6XdkkkeuO8Gd6m3SMtV1Hlnvij7oovsJ-Xk93L-DgZbhW_sWnbXSWERp2NlYSjCA7SRCMnMHiLeE3HIToglnLgTPDoFc9N6r9wcoAzkH:1tZByV:AdHe1bFjkqwBKvH8qe-J9PF-OXhBggjXUA1hm6Nlw7c','2025-02-01 16:47:07.002742');
INSERT INTO django_session VALUES('i9nvzl5jpzi0q03u5elfvtom9im8ckpo','.eJxVjDsOwjAQBe_iGlkxjh2bkj5nsHb32SSAHCmfCnF3iJQC2jcz76USbeuQtiXPaYS6KOPU6XdkkkeuO8Gd6m3SMtV1Hlnvij7oovsJ-Xk93L-DgZbhW_sWnbXSWERp2NlYSjCA7SRCMnMHiLeE3HIToglnLgTPDoFc9N6r9wcoAzkH:1tZC1m:mfnQw_rAYd3wgu4gwthJmvwBBnBxvj73RQHFUxAtPBU','2025-02-01 16:50:30.051398');
INSERT INTO django_session VALUES('u0yhet61xvovmtgaqxqpdgf1jgjr1i6z','.eJxVjDsOwjAQBe_iGlkxjh2bkj5nsHb32SSAHCmfCnF3iJQC2jcz76USbeuQtiXPaYS6KOPU6XdkkkeuO8Gd6m3SMtV1Hlnvij7oovsJ-Xk93L-DgZbhW_sWnbXSWERp2NlYSjCA7SRCMnMHiLeE3HIToglnLgTPDoFc9N6r9wcoAzkH:1tZC6V:JL1zvITlZtqXH_wvFk4AV31TqmJLS-uaosf2QhrsN5Y','2025-02-01 16:55:23.142688');
INSERT INTO django_session VALUES('m9ifrqnmfkk303lz4201cf8n7fpu6krn','.eJxVjDsOwjAQBe_iGlkxjh2bkj5nsHb32SSAHCmfCnF3iJQC2jcz76USbeuQtiXPaYS6KOPU6XdkkkeuO8Gd6m3SMtV1Hlnvij7oovsJ-Xk93L-DgZbhW_sWnbXSWERp2NlYSjCA7SRCMnMHiLeE3HIToglnLgTPDoFc9N6r9wcoAzkH:1tZC81:bAe7S3MH72F-nswVK0pTIgynF9IV2URwFGVuSbDkQbE','2025-02-01 16:56:57.088610');
INSERT INTO django_session VALUES('6v7z2mni1p4j8kjtbfpx7m35wehoscs9','.eJxVjDsOwjAQBe_iGlkxjh2bkj5nsHb32SSAHCmfCnF3iJQC2jcz76USbeuQtiXPaYS6KOPU6XdkkkeuO8Gd6m3SMtV1Hlnvij7oovsJ-Xk93L-DgZbhW_sWnbXSWERp2NlYSjCA7SRCMnMHiLeE3HIToglnLgTPDoFc9N6r9wcoAzkH:1tZC8h:n--SxroIaElJDKG7d4u51d_3B8NNuC0vTN8nB1da6rU','2025-02-01 16:57:39.056432');
INSERT INTO django_session VALUES('03tb3e0m0i2vedrg13t8phprfuh3vt76','.eJxVjDsOwjAQBe_iGlkxjh2bkj5nsHb32SSAHCmfCnF3iJQC2jcz76USbeuQtiXPaYS6KOPU6XdkkkeuO8Gd6m3SMtV1Hlnvij7oovsJ-Xk93L-DgZbhW_sWnbXSWERp2NlYSjCA7SRCMnMHiLeE3HIToglnLgTPDoFc9N6r9wcoAzkH:1tZCH0:JHoLD85C-t9WnE0voQ1bE5ZgYdo6ECw51BDv8GqkXg4','2025-02-01 17:06:14.202568');
INSERT INTO django_session VALUES('4iz5cxy4a7xrfh3jqyc0z6b983n21irl','.eJxVjDsOwjAQBe_iGlkxjh2bkj5nsHb32SSAHCmfCnF3iJQC2jcz76USbeuQtiXPaYS6KOPU6XdkkkeuO8Gd6m3SMtV1Hlnvij7oovsJ-Xk93L-DgZbhW_sWnbXSWERp2NlYSjCA7SRCMnMHiLeE3HIToglnLgTPDoFc9N6r9wcoAzkH:1tZCHd:Pw5BQKJY1oR_z933Ro_kev21-dqmpLlCq6BllucK7Z8','2025-02-01 17:06:53.587330');
INSERT INTO django_session VALUES('9rjlauzd9pzoud5u718ox8v2omsa180l','e30:1tZCIR:7rTq1uFa4IF_ph3tME4YaRwkNDaiJyvdx4zUkN7fkxo','2025-02-01 17:07:43.611489');
INSERT INTO django_session VALUES('838h1p2wqetf5kth68s08vv6hvaj9zdn','e30:1tZCJe:kPmsVtpFijNfP7a396T6pS8eLhztqV7OQX4FWRjptHM','2025-02-01 17:08:58.502322');
INSERT INTO django_session VALUES('xwqw3oscu4kse5o04gqiqao5padq53hi','.eJxVjDsOwjAQBe_iGlkxjh2bkj5nsHb32SSAHCmfCnF3iJQC2jcz76USbeuQtiXPaYS6KOPU6XdkkkeuO8Gd6m3SMtV1Hlnvij7oovsJ-Xk93L-DgZbhW_sWnbXSWERp2NlYSjCA7SRCMnMHiLeE3HIToglnLgTPDoFc9N6r9wcoAzkH:1tZCMG:DNRLE5T7ULv_nifiF9sX_PAtxRadpa3nLWz1D6KCDXk','2025-02-01 17:11:40.827290');
INSERT INTO django_session VALUES('95ky02b5dqg68eehbgmh6l4iot71s9fh','.eJxVjDsOwjAQBe_iGlkxjh2bkj5nsHb32SSAHCmfCnF3iJQC2jcz76USbeuQtiXPaYS6KOPU6XdkkkeuO8Gd6m3SMtV1Hlnvij7oovsJ-Xk93L-DgZbhW_sWnbXSWERp2NlYSjCA7SRCMnMHiLeE3HIToglnLgTPDoFc9N6r9wcoAzkH:1tZCtN:GrXIRLWG54BBWu2zn-O3SejUxP4eQmvF2Vj2qkgz82I','2025-02-01 17:45:53.583691');
INSERT INTO django_session VALUES('beo0smen7iyxkr49t3gstnek4jge21th','.eJxVjDsOwjAQBe_iGlkxjh2bkj5nsHb32SSAHCmfCnF3iJQC2jcz76USbeuQtiXPaYS6KOPU6XdkkkeuO8Gd6m3SMtV1Hlnvij7oovsJ-Xk93L-DgZbhW_sWnbXSWERp2NlYSjCA7SRCMnMHiLeE3HIToglnLgTPDoFc9N6r9wcoAzkH:1tZCwv:qn61E5ONC6fi2lUgBFy1OQcJyuioFV1JIWSphIihxSk','2025-02-01 17:49:33.321174');
INSERT INTO django_session VALUES('pzeumxn1c9ve9enz1wf6m7uut0uxt93a','.eJxVjDsOwjAQBe_iGlkxjh2bkj5nsHb32SSAHCmfCnF3iJQC2jcz76USbeuQtiXPaYS6KOPU6XdkkkeuO8Gd6m3SMtV1Hlnvij7oovsJ-Xk93L-DgZbhW_sWnbXSWERp2NlYSjCA7SRCMnMHiLeE3HIToglnLgTPDoFc9N6r9wcoAzkH:1tZD4S:AVKQxpxShL6jyLYza9VZ0FJfOF7zw2ldZ68viRt9AlM','2025-02-01 17:57:20.231392');
INSERT INTO django_session VALUES('gcpcop0t9r59e7b7gyqdweht6cyebl2b','.eJxVjDsOwjAQBe_iGllm8ZeSnjNYu14bB5AtxUmFuDtESgHtm5n3EhHXpcZ15DlOLM4iiMPvRpgeuW2A79huXabelnkiuSlyp0NeO-fnZXf_DiqO-q3BalSh-OJOyVFRjEwAIRm2QWnNmg0Fr6lkr1RJFh24FAwcC3kwwOL9AfMOOBQ:1tZDjv:Z6fGnQY7lMDWxgW-9tYtzjgOAJ3XZDnNQ-_a6ZajjHY','2025-02-01 18:40:11.262630');
INSERT INTO django_session VALUES('74wpxo58fnolco57t9bo2r7r6f5rkw6h','.eJxVjDsOwjAQBe_iGllm8ZeSnjNYu14bB5AtxUmFuDtESgHtm5n3EhHXpcZ15DlOLM4iiMPvRpgeuW2A79huXabelnkiuSlyp0NeO-fnZXf_DiqO-q3BalSh-OJOyVFRjEwAIRm2QWnNmg0Fr6lkr1RJFh24FAwcC3kwwOL9AfMOOBQ:1tZEMy:vt2QTdM0NkE1z7ZyJ0iM4k_EDXfSJq_hkejW5_T181w','2025-02-01 19:20:32.819842');
INSERT INTO django_session VALUES('wk1am1zr3yu40ww928zkp03i20ai162i','.eJxVjDsOwjAQBe_iGllm8ZeSnjNYu14bB5AtxUmFuDtESgHtm5n3EhHXpcZ15DlOLM4iiMPvRpgeuW2A79huXabelnkiuSlyp0NeO-fnZXf_DiqO-q3BalSh-OJOyVFRjEwAIRm2QWnNmg0Fr6lkr1RJFh24FAwcC3kwwOL9AfMOOBQ:1tZEPK:CbHFoDijH3clNjRkz-ZRBFxh9TZa4_O7owbhvZl75f0','2025-02-01 19:22:58.192519');
INSERT INTO django_session VALUES('68r9i052xsdz94afmyf50lpmda6jcc4v','.eJxVjDsOwjAQBe_iGlkxjh2bkj5nsHb32SSAHCmfCnF3iJQC2jcz76USbeuQtiXPaYS6KOPU6XdkkkeuO8Gd6m3SMtV1Hlnvij7oovsJ-Xk93L-DgZbhW_sWnbXSWERp2NlYSjCA7SRCMnMHiLeE3HIToglnLgTPDoFc9N6r9wcoAzkH:1tZEaE:qAVaQoZGs3gvORXGjwHZFpAfs8ckQ9t4zroXGU_E2r0','2025-02-01 19:34:14.255442');
INSERT INTO django_session VALUES('o9873378f9sdzab5wf2d7ja4pk9i4uh8','.eJxVjDsOwjAQBe_iGlkxjh2bkj5nsHb32SSAHCmfCnF3iJQC2jcz76USbeuQtiXPaYS6KOPU6XdkkkeuO8Gd6m3SMtV1Hlnvij7oovsJ-Xk93L-DgZbhW_sWnbXSWERp2NlYSjCA7SRCMnMHiLeE3HIToglnLgTPDoFc9N6r9wcoAzkH:1tZF86:4PxfBSEt2zRS_TKU3i8s6W0mnIau8RIr9e0UVy3Gwu4','2025-02-01 20:09:14.510832');
INSERT INTO django_session VALUES('jtcllitklehk7zjmyhklo3fuj9cobhuu','.eJxVjDsOwjAQBe_iGlkxjh2bkj5nsHb32SSAHCmfCnF3iJQC2jcz76USbeuQtiXPaYS6KOPU6XdkkkeuO8Gd6m3SMtV1Hlnvij7oovsJ-Xk93L-DgZbhW_sWnbXSWERp2NlYSjCA7SRCMnMHiLeE3HIToglnLgTPDoFc9N6r9wcoAzkH:1tZakd:6zcQ3xplp7ArTcgP3kyXCMOjGjLN_NO9wgmb221D24s','2025-02-02 19:14:27.977968');
INSERT INTO django_session VALUES('jm2s16jg2tigxhtmwe80ztqwbapo90bp','.eJxVjDsOwjAQBe_iGllm8ZeSnjNYu14bB5AtxUmFuDtESgHtm5n3EhHXpcZ15DlOLM4iiMPvRpgeuW2A79huXabelnkiuSlyp0NeO-fnZXf_DiqO-q3BalSh-OJOyVFRjEwAIRm2QWnNmg0Fr6lkr1RJFh24FAwcC3kwwOL9AfMOOBQ:1tZdNG:JNlTVjfEbF070htShGPsjZJtPD26ecTJFdfJBpJPHIQ','2025-02-02 22:02:30.131143');
INSERT INTO django_session VALUES('spy5f9hrwuyj7zr4e0pdgs39jku8rkt6','.eJxVjDsOwjAQBe_iGllm8ZeSnjNYu14bB5AtxUmFuDtESgHtm5n3EhHXpcZ15DlOLM4iiMPvRpgeuW2A79huXabelnkiuSlyp0NeO-fnZXf_DiqO-q3BalSh-OJOyVFRjEwAIRm2QWnNmg0Fr6lkr1RJFh24FAwcC3kwwOL9AfMOOBQ:1tZdaT:4JyBy_MpQQQHr3TWcbcXvjxLNXku-cCDvDY2KXxlGFA','2025-02-02 22:16:09.901389');
INSERT INTO django_session VALUES('80wr4echhok87him48m8dc9lkgqqdfkc','.eJxVjDsOwjAQBe_iGllm8ZeSnjNYu14bB5AtxUmFuDtESgHtm5n3EhHXpcZ15DlOLM4iiMPvRpgeuW2A79huXabelnkiuSlyp0NeO-fnZXf_DiqO-q3BalSh-OJOyVFRjEwAIRm2QWnNmg0Fr6lkr1RJFh24FAwcC3kwwOL9AfMOOBQ:1tZeRX:UzCYr5fAewXQsWfak0ZFUTfnTST9T6_NEFCOcIM3GQA','2025-02-02 23:10:59.725765');
INSERT INTO django_session VALUES('kuvt182bku8a4bkkpqcxphlok9l6oa5z','.eJxVjDsOwjAQBe_iGlkxjh2bkj5nsHb32SSAHCmfCnF3iJQC2jcz76USbeuQtiXPaYS6KOPU6XdkkkeuO8Gd6m3SMtV1Hlnvij7oovsJ-Xk93L-DgZbhW_sWnbXSWERp2NlYSjCA7SRCMnMHiLeE3HIToglnLgTPDoFc9N6r9wcoAzkH:1tZkYL:Suc0IsNfATnRgLcCoJ4oBNZsNRQD1YTsAGkPGjUy-JI','2025-02-03 05:42:25.310002');
INSERT INTO django_session VALUES('ej2aa6uyi6s166118ljep8ptlz07r22w','.eJxVjDsOwjAQBe_iGllm8ZeSnjNYu14bB5AtxUmFuDtESgHtm5n3EhHXpcZ15DlOLM4iiMPvRpgeuW2A79huXabelnkiuSlyp0NeO-fnZXf_DiqO-q3BalSh-OJOyVFRjEwAIRm2QWnNmg0Fr6lkr1RJFh24FAwcC3kwwOL9AfMOOBQ:1tZlpc:LuGUeq-MfoZOgozPKLArZYVEkxB4L8ux-bx-gZAT15A','2025-02-03 07:04:20.888267');
INSERT INTO django_session VALUES('n84hw3mftuik9vrt3z0jmcqxosebmhq0','.eJxVjDsOwjAQBe_iGllm8ZeSnjNYu14bB5AtxUmFuDtESgHtm5n3EhHXpcZ15DlOLM4iiMPvRpgeuW2A79huXabelnkiuSlyp0NeO-fnZXf_DiqO-q3BalSh-OJOyVFRjEwAIRm2QWnNmg0Fr6lkr1RJFh24FAwcC3kwwOL9AfMOOBQ:1tZnMA:kirtKXJ1lze6HhDl-Ue1dj4WaGK5jTYD4EXOynjjr9I','2025-02-03 08:42:02.316146');
INSERT INTO django_session VALUES('e05ngvmc4wuvhullj47vifenibnk7mu0','.eJxVjDsOwjAQBe_iGllm8ZeSnjNYu14bB5AtxUmFuDtESgHtm5n3EhHXpcZ15DlOLM4iiMPvRpgeuW2A79huXabelnkiuSlyp0NeO-fnZXf_DiqO-q3BalSh-OJOyVFRjEwAIRm2QWnNmg0Fr6lkr1RJFh24FAwcC3kwwOL9AfMOOBQ:1tZwF0:5RCRRuxveu4U1f94Cdn28EY9oJNWVPzqJIY3oECkt-k','2025-02-03 18:11:14.849769');
INSERT INTO django_session VALUES('y34wk4boybltoflg8ndhe34nqwlkhuu8','.eJxVjDsOwjAQBe_iGllm8ZeSnjNYu14bB5AtxUmFuDtESgHtm5n3EhHXpcZ15DlOLM4iiMPvRpgeuW2A79huXabelnkiuSlyp0NeO-fnZXf_DiqO-q3BalSh-OJOyVFRjEwAIRm2QWnNmg0Fr6lkr1RJFh24FAwcC3kwwOL9AfMOOBQ:1tZwH1:F7ZqchWAxRRsQpUtdFCI25Xh9te0swDktPbYnUJVCFA','2025-02-03 18:13:19.848854');
INSERT INTO django_session VALUES('88a6dshfnbquyhszqanzgy8whaivnei2','.eJxVjDsOwjAQBe_iGllm8ZeSnjNYu14bB5AtxUmFuDtESgHtm5n3EhHXpcZ15DlOLM4iiMPvRpgeuW2A79huXabelnkiuSlyp0NeO-fnZXf_DiqO-q3BalSh-OJOyVFRjEwAIRm2QWnNmg0Fr6lkr1RJFh24FAwcC3kwwOL9AfMOOBQ:1taTIT:CxXhh7CxuPqc17DqLHbcrxmfhSovmmTQFthO3JIpZ9Y','2025-02-05 05:29:01.562834');
INSERT INTO django_session VALUES('jejqur8f6e4jepsao59sw8hrbxthrdqc','.eJxVjDsOwjAQBe_iGllm8ZeSnjNYu14bB5AtxUmFuDtESgHtm5n3EhHXpcZ15DlOLM4iiMPvRpgeuW2A79huXabelnkiuSlyp0NeO-fnZXf_DiqO-q3BalSh-OJOyVFRjEwAIRm2QWnNmg0Fr6lkr1RJFh24FAwcC3kwwOL9AfMOOBQ:1tac6Y:xyKEzJiv4Cehhljsee2H8jPnNdqmu71_QroygXGxmok','2025-02-05 14:53:18.378401');
INSERT INTO django_session VALUES('pku5ol6s1sr8y0urpbr88sh8fagx209a','e30:1tacLJ:TuKl7O3Bc9ZXoNuaE-iFHna9A_3W5oxxB3cRFz59snQ','2025-02-05 15:08:33.248035');
INSERT INTO django_session VALUES('7emnhghwn5n39tkjywrg0ynrvz18drk1','.eJxVjDsOwjAQBe_iGllm8ZeSnjNYu14bB5AtxUmFuDtESgHtm5n3EhHXpcZ15DlOLM4iiMPvRpgeuW2A79huXabelnkiuSlyp0NeO-fnZXf_DiqO-q3BalSh-OJOyVFRjEwAIRm2QWnNmg0Fr6lkr1RJFh24FAwcC3kwwOL9AfMOOBQ:1tacYa:RHyxJhw9jpStGzPSm9s9vty2_rDrGv849JBnQ9jqn2Y','2025-02-05 15:22:16.609794');
INSERT INTO django_session VALUES('jx7acog3pof9bkx8z55s4j3xzpvsk43g','.eJxVjDsOwjAQBe_iGllm8ZeSnjNYu14bB5AtxUmFuDtESgHtm5n3EhHXpcZ15DlOLM4iiMPvRpgeuW2A79huXabelnkiuSlyp0NeO-fnZXf_DiqO-q3BalSh-OJOyVFRjEwAIRm2QWnNmg0Fr6lkr1RJFh24FAwcC3kwwOL9AfMOOBQ:1tacZy:sNrti_C_2qiq72POI1El1VIbmOxKjYLkthoMW28D3Ig','2025-02-05 15:23:42.269372');
INSERT INTO django_session VALUES('eu3mwy03fyzgp9kvxt6pju8zenl5f3hw','e30:1tacr4:_apG_fqThDXUR7Di5gO3JqZMBRhASW3IdsXx5zXPFeA','2025-02-05 15:41:22.501419');
INSERT INTO django_session VALUES('ss19tt3ukl5wq9yu1t3cxqi8fwkbn3i6','e30:1tacwG:qiUYf7meh9Nd8Sj_kYAHk3Dhd1reiaBA4ICDfJdLUQY','2025-02-05 15:46:44.582591');
INSERT INTO django_session VALUES('1l4s4h0hn64pu7ugn28oxdonpsjjyel7','e30:1tadif:UFgfAOEDX_q4N3DLarCTVjW5OeRT63HZtFwGQzizEXU','2025-02-05 16:36:45.878304');
INSERT INTO django_session VALUES('shl5b94onavzhteyfr2guu3rjfxg30xo','e30:1taoyX:s8n16ZtkmJzNPTILJ35BriMnf9bcVku0WTnajZ60mX0','2025-02-06 04:37:53.418182');
INSERT INTO django_session VALUES('4paf9vdnuvza8vbc8e6odw839yh235gp','e30:1tapvY:y6_GlV7wJdkAu1wr6Y3CtYFEoM34Vby96mwsx-bPGso','2025-02-06 05:38:52.802114');
INSERT INTO django_session VALUES('9u8k7qz01wv9nd7y9ymwyv143bz36iss','e30:1tapwY:zzxhMg-c-rAraQKbjbra7er0oIGgz3EQma2CUBHH-D0','2025-02-06 05:39:54.025849');
INSERT INTO django_session VALUES('yipcgwxilwryn2qu6unt3ojlg2t2l4iv','e30:1tapxI:QiI3QuWQX8dQm8klZROn04BciLI3HJsr1XgioIsHDxQ','2025-02-06 05:40:40.817922');
INSERT INTO django_session VALUES('gojd3wx35gzax6f3srtnl5crwvq89pi4','e30:1tapzZ:q4P_LmtQ8uEpfALJUBRKUaJYVkRKuT9mjC9Lm5o3HP4','2025-02-06 05:43:01.713341');
INSERT INTO django_session VALUES('lr7i5beaxkqm048ufywoonvche6g03g4','e30:1taq2R:OQulCVtVQ14Gw0YUSVLprgHkmZf8M5GyQyvHbxL02xU','2025-02-06 05:45:59.506043');
INSERT INTO django_session VALUES('pb7wnbej5yway94ghj61cy2scjgui69w','e30:1taq4G:oYNW-KdkGYaSmGyPduokutj79z8upVXqx8i5BROc5lE','2025-02-06 05:47:52.128137');
INSERT INTO django_session VALUES('ggh6q2sj66p0scc1d07fc9b18c6qmtj0','e30:1taq6E:Oe5ZdzTgfDyAaK8P8MEvVVohbSzqzBofMX9bTYiWni0','2025-02-06 05:49:54.545882');
INSERT INTO django_session VALUES('o7mlc5mjz8vs4qn8ge0r56s3mo7r7f0q','.eJxVjDsOwjAQBe_iGllm8ZeSnjNYu14bB5AtxUmFuDtESgHtm5n3EhHXpcZ15DlOLM4iiMPvRpgeuW2A79huXabelnkiuSlyp0NeO-fnZXf_DiqO-q3BalSh-OJOyVFRjEwAIRm2QWnNmg0Fr6lkr1RJFh24FAwcC3kwwOL9AfMOOBQ:1taq7D:eHy5FIqKC3_PugYuZru8WO-eFDrL8r2F94K8R8YMUXs','2025-02-06 05:50:55.761434');
INSERT INTO django_session VALUES('c121fdfnyvex9328am04rnpp81jpf5xx','e30:1taqBN:93nmE-coG-oueXWzl8wlYxz7_dUuUV3VHXgQ3F_MgFU','2025-02-06 05:55:13.619632');
INSERT INTO django_session VALUES('qp1tm02my9v0nskj0e58esvp4ec638sn','e30:1taqCl:UEN1irPQmQXmjMVb3QdRHU7njHSnEJWpaigJqmkF6_o','2025-02-06 05:56:39.431469');
INSERT INTO django_session VALUES('xh0t6z4f98wz0myrylzp7zje5j8401dt','e30:1taqEY:yxLqTMo9ZO0Wj2xNu0p9tbwBnOIEQBF_WJcwiBwa73U','2025-02-06 05:58:30.553052');
INSERT INTO django_session VALUES('evynhq2y7mkdvfjl5pb0lggtupdfqioh','e30:1taypo:ITxb2joRsx8y0IZwdQL3hywjttl9QeXPT9eH7vrXJm0','2025-02-06 15:09:32.523143');
INSERT INTO django_session VALUES('6qobzansum953rnfe00slcs6moquyqsr','e30:1tayu9:NJmhoJsKuR46h9CwbVBYlmREJ-a_CclItvsBhpvt10Y','2025-02-06 15:14:01.177836');
INSERT INTO django_session VALUES('5y5b5vc5gs1jf7es03ta7m9audbau8kr','e30:1tayvW:YicdEDeMalB33LwQNipp9GFGYpbIbliwuLnWxAicSOE','2025-02-06 15:15:26.311565');
INSERT INTO django_session VALUES('zy2vfwwa6eziht87o0gwban7rmrl4xqg','e30:1tayxx:UeREmA0HbIeW_1JpsloLsDGd3yeupouW_Wyecqv-Tl0','2025-02-06 15:17:57.153070');
INSERT INTO django_session VALUES('16o0xpe7ocxbylk6i851ogh4ejwap4kx','e30:1tayz8:d_Rbe0qA-3Cq_NEWKxlTzrw6Laqiw1HvqwbmeW_utSw','2025-02-06 15:19:10.960993');
INSERT INTO django_session VALUES('cludskg2fbgsarb46m08puzaqfzpq8y6','e30:1taz0x:t0ZLTz9cDfctqWRlnBWRJO4eQnZzXaOFR8Muxnzcq6U','2025-02-06 15:21:03.770551');
INSERT INTO django_session VALUES('dssp0ft3l5sl5cu8kvu8dptnu9dqy5nf','e30:1taz4F:pPSV2uy4P-cTMawiLS5nEEDibMWB-nSQU049o355hhU','2025-02-06 15:24:27.756042');
INSERT INTO django_session VALUES('po0ixfuik90tmp53mwwdc662ypgj8yr7','e30:1tazAA:EbVbWdtatIkkipL-vxy7aHqjHnU5sjb3nRi7Vm2N5Y8','2025-02-06 15:30:34.069547');
INSERT INTO django_session VALUES('kxrjojpo85p4knvdluyz39djr244t9z9','e30:1tazBu:bliM3tm1Q0CgSggAZq8m4O0hNFGzzdu9TeG4pLK9bvI','2025-02-06 15:32:22.030520');
INSERT INTO django_session VALUES('8h3hleeadsjzargkw7l15sf7t49rtfof','e30:1tazH2:KSA7AO5tUY50__1OWafyDWgfRuDbydO66a37QvWF6vA','2025-02-06 15:37:40.842496');
INSERT INTO django_session VALUES('g0spbm75lpx4nbhtvng2xv8x1qalovoo','e30:1tazJA:bVgY2Id2Ypsw5B5gDn3GbdmDbXEI7NDEovIKCo3YpgI','2025-02-06 15:39:52.487094');
INSERT INTO django_session VALUES('b4e1t9x9s1gp6nq9addq0gr3g7z1b9su','.eJxVjDsOwjAQBe_iGllm8ZeSnjNYu14bB5AtxUmFuDtESgHtm5n3EhHXpcZ15DlOLM4iiMPvRpgeuW2A79huXabelnkiuSlyp0NeO-fnZXf_DiqO-q3BalSh-OJOyVFRjEwAIRm2QWnNmg0Fr6lkr1RJFh24FAwcC3kwwOL9AfMOOBQ:1tazLZ:pNytLxaaItm5U42WwHfiQH2j8pG18xJTCC6RsSc7W2U','2025-02-06 15:42:21.766511');
INSERT INTO django_session VALUES('z6o0wgwofl9bpi7o5wzvey1a02b9rhvl','.eJxVjDsOwjAQBe_iGllm8ZeSnjNYu14bB5AtxUmFuDtESgHtm5n3EhHXpcZ15DlOLM4iiMPvRpgeuW2A79huXabelnkiuSlyp0NeO-fnZXf_DiqO-q3BalSh-OJOyVFRjEwAIRm2QWnNmg0Fr6lkr1RJFh24FAwcC3kwwOL9AfMOOBQ:1tazdE:1DRfihnAOFvhaKD3dhE_spZ_5Fum89FnsFJhzGSJdPA','2025-02-06 16:00:36.932833');
INSERT INTO django_session VALUES('xr59l4ljuj6evh3in23tfq4o6h3fyol6','.eJxVjDsOwjAQBe_iGllm8ZeSnjNYu14bB5AtxUmFuDtESgHtm5n3EhHXpcZ15DlOLM4iiMPvRpgeuW2A79huXabelnkiuSlyp0NeO-fnZXf_DiqO-q3BalSh-OJOyVFRjEwAIRm2QWnNmg0Fr6lkr1RJFh24FAwcC3kwwOL9AfMOOBQ:1tazey:B4okxuLAkKuVAbhupVELoi3x28VVP5seYKIyxjZ8stY','2025-02-06 16:02:24.390081');
INSERT INTO django_session VALUES('nv62oesgh5pdx9mhtir87prvtbdjarfj','.eJxVjDsOwjAQBe_iGllm8ZeSnjNYu14bB5AtxUmFuDtESgHtm5n3EhHXpcZ15DlOLM4iiMPvRpgeuW2A79huXabelnkiuSlyp0NeO-fnZXf_DiqO-q3BalSh-OJOyVFRjEwAIRm2QWnNmg0Fr6lkr1RJFh24FAwcC3kwwOL9AfMOOBQ:1tazg1:qlZEVyRIneOMmDZykW0BU69qD7D-KGqUmXNgP8dxqKo','2025-02-06 16:03:29.519112');
INSERT INTO django_session VALUES('ome2epzifaqwv3vdau07qqpbqcsio2jx','.eJxVjDsOwjAQBe_iGllm8ZeSnjNYu14bB5AtxUmFuDtESgHtm5n3EhHXpcZ15DlOLM4iiMPvRpgeuW2A79huXabelnkiuSlyp0NeO-fnZXf_DiqO-q3BalSh-OJOyVFRjEwAIRm2QWnNmg0Fr6lkr1RJFh24FAwcC3kwwOL9AfMOOBQ:1tazmq:TvRVdmFE9gehyw_BQnONF4Mmw82U4gB6E_Wyc-lDcxs','2025-02-06 16:10:32.706020');
INSERT INTO django_session VALUES('o0fj9ti14h7wlw3sa2t0jaccevmivddu','.eJxVjDsOwjAQBe_iGllm8ZeSnjNYu14bB5AtxUmFuDtESgHtm5n3EhHXpcZ15DlOLM4iiMPvRpgeuW2A79huXabelnkiuSlyp0NeO-fnZXf_DiqO-q3BalSh-OJOyVFRjEwAIRm2QWnNmg0Fr6lkr1RJFh24FAwcC3kwwOL9AfMOOBQ:1tazsR:1I1X0STETOoVEEcdfzrbHe4KPY8LufNkWEA9CUv1Wlk','2025-02-06 16:16:19.812886');
INSERT INTO django_session VALUES('3cns4lrwjsn549ga6j8mvra9r0goml8c','.eJxVjDsOwjAQBe_iGllm8ZeSnjNYu14bB5AtxUmFuDtESgHtm5n3EhHXpcZ15DlOLM4iiMPvRpgeuW2A79huXabelnkiuSlyp0NeO-fnZXf_DiqO-q3BalSh-OJOyVFRjEwAIRm2QWnNmg0Fr6lkr1RJFh24FAwcC3kwwOL9AfMOOBQ:1tazyV:yk4-4N30CJX5LJ3oKk03BhZjyWpo_XfEs4N6EoALGkE','2025-02-06 16:22:35.884233');
INSERT INTO django_session VALUES('nebt51yfmzle87dyoonkmgpyfsl4ua02','.eJxVjDsOwjAQBe_iGllm8ZeSnjNYu14bB5AtxUmFuDtESgHtm5n3EhHXpcZ15DlOLM4iiMPvRpgeuW2A79huXabelnkiuSlyp0NeO-fnZXf_DiqO-q3BalSh-OJOyVFRjEwAIRm2QWnNmg0Fr6lkr1RJFh24FAwcC3kwwOL9AfMOOBQ:1tb042:JVVpc-55DzoY6vIyFzw3nqGuJsCh_4rqiKq_HUwJ_NU','2025-02-06 16:28:18.794380');
INSERT INTO django_session VALUES('z41daqccaxvow8627hocq7pa4ftoes3j','.eJxVjDsOwjAQBe_iGllm8ZeSnjNYu14bB5AtxUmFuDtESgHtm5n3EhHXpcZ15DlOLM4iiMPvRpgeuW2A79huXabelnkiuSlyp0NeO-fnZXf_DiqO-q3BalSh-OJOyVFRjEwAIRm2QWnNmg0Fr6lkr1RJFh24FAwcC3kwwOL9AfMOOBQ:1tb08X:vMmMzZyduM9_FMLnKmKp5ULUZeTvBrP4GJTAAzwmzWg','2025-02-06 16:32:57.577661');
INSERT INTO django_session VALUES('p0yflaqpt7yipefsu15cjdlotfs9iiif','.eJxVjDsOwjAQBe_iGllm8ZeSnjNYu14bB5AtxUmFuDtESgHtm5n3EhHXpcZ15DlOLM4iiMPvRpgeuW2A79huXabelnkiuSlyp0NeO-fnZXf_DiqO-q3BalSh-OJOyVFRjEwAIRm2QWnNmg0Fr6lkr1RJFh24FAwcC3kwwOL9AfMOOBQ:1tb0Ak:DumThKxTvg6UUlTqG3TAlFF6Db4PQKSbQH7RWfl0Bf4','2025-02-06 16:35:14.707854');
INSERT INTO django_session VALUES('fm5lsyiz5hl6vodvppzjb9eydcfawl16','.eJxVjDsOwjAQBe_iGllm8ZeSnjNYu14bB5AtxUmFuDtESgHtm5n3EhHXpcZ15DlOLM4iiMPvRpgeuW2A79huXabelnkiuSlyp0NeO-fnZXf_DiqO-q3BalSh-OJOyVFRjEwAIRm2QWnNmg0Fr6lkr1RJFh24FAwcC3kwwOL9AfMOOBQ:1tb0Jm:3PUro-ITo1Uz5GuOL4BRYtEQptxG96zdks4ujoSjYQE','2025-02-06 16:44:34.075779');
INSERT INTO django_session VALUES('21bo2y1efprw7w4sjt6i9rw2l0ajcvlm','.eJxVjDsOwjAQBe_iGllm8ZeSnjNYu14bB5AtxUmFuDtESgHtm5n3EhHXpcZ15DlOLM4iiMPvRpgeuW2A79huXabelnkiuSlyp0NeO-fnZXf_DiqO-q3BalSh-OJOyVFRjEwAIRm2QWnNmg0Fr6lkr1RJFh24FAwcC3kwwOL9AfMOOBQ:1tb0Mg:bcec7P2TK0EvGaBlF11tgItFgyqQ5a2Aauwh7wrgO68','2025-02-06 16:47:34.020713');
INSERT INTO django_session VALUES('3x5mzd9vua7yxhzfib41f06rhaz1b3li','.eJxVjDsOwjAQBe_iGllm8ZeSnjNYu14bB5AtxUmFuDtESgHtm5n3EhHXpcZ15DlOLM4iiMPvRpgeuW2A79huXabelnkiuSlyp0NeO-fnZXf_DiqO-q3BalSh-OJOyVFRjEwAIRm2QWnNmg0Fr6lkr1RJFh24FAwcC3kwwOL9AfMOOBQ:1tb0Vj:T9ZOV5GDuxjmv3CTckwq0mtLKMGXUH0g9Czd6Gl3_oU','2025-02-06 16:56:55.739099');
INSERT INTO django_session VALUES('jmjokrcufzo04ogg91ybwbcjp59chrzy','.eJxVjDsOwjAQBe_iGllm8ZeSnjNYu14bB5AtxUmFuDtESgHtm5n3EhHXpcZ15DlOLM4iiMPvRpgeuW2A79huXabelnkiuSlyp0NeO-fnZXf_DiqO-q3BalSh-OJOyVFRjEwAIRm2QWnNmg0Fr6lkr1RJFh24FAwcC3kwwOL9AfMOOBQ:1tb0XP:dcscDVDUXBx6BmZKxFzI4vmP640DALiJRIQEL0vJXrA','2025-02-06 16:58:39.541066');
INSERT INTO django_session VALUES('pdhjqnaiz49o2fooljikp8387xmu3t4t','e30:1tb0cU:Ls912ftf9Thx2jDPSJ02ahS7BZX66AvKMP3KZpEzQiQ','2025-02-06 17:03:54.610307');
INSERT INTO django_session VALUES('gpwcbdpkynqmvsqnaugsdtsjoayli7w8','e30:1tb0fn:65P1xlpAStDZdcYrmgG-GxaL3esx7oIQZaUdx0PjLTA','2025-02-06 17:07:19.039081');
INSERT INTO django_session VALUES('if6ku0va2qf3butjheg82mxu76v00lsb','e30:1tb0i8:sI7qe26z89Bo5rJEiJ18cj17HPbKTlNY4No2Cz9b7sM','2025-02-06 17:09:44.548602');
INSERT INTO django_session VALUES('h1ydz3xx4h5ga4upgizxg352rpayaa2m','e30:1tb0jE:egUpAFyPnfG8V1vv1iQ-TbVoFJjEd6vW_I6PKUD4uSs','2025-02-06 17:10:52.807188');
INSERT INTO django_session VALUES('o1zahd0awph779kd7wt1zrqr45hzkzjh','e30:1tb0kE:9LzpbCYyYAzFR0oH_G738K6bGF48xGEhgQqtpal2Wzg','2025-02-06 17:11:54.233763');
INSERT INTO django_session VALUES('7r9vl6u5iivl2zjv60x4ekoo1ywoho6t','e30:1tb0mW:ZsdV5l1PwV1SrCvgkDWUprav31HHCAQfTun9u5dw8fQ','2025-02-06 17:14:16.673913');
INSERT INTO django_session VALUES('ys5b2w1y7ik6zpmplwqguofvm35k8nl4','e30:1tb0oe:Yge_BN1_ziawdKrmMX4-c1HjHUEBKNvAwg0E0Aku_Nw','2025-02-06 17:16:28.862502');
INSERT INTO django_session VALUES('xbr5cgljkxo4gdv0fk0afit69i2jihfs','.eJxVjDsOwjAQBe_iGllm8ZeSnjNYu14bB5AtxUmFuDtESgHtm5n3EhHXpcZ15DlOLM4iiMPvRpgeuW2A79huXabelnkiuSlyp0NeO-fnZXf_DiqO-q3BalSh-OJOyVFRjEwAIRm2QWnNmg0Fr6lkr1RJFh24FAwcC3kwwOL9AfMOOBQ:1tb0pa:4Rhvm3WO8vCqJSG2XI8TAXja_QHYcto_If8LyLb9vnU','2025-02-06 17:17:26.021685');
INSERT INTO django_session VALUES('63ckkskhk4c1jb83wkqcr6ywkwya825s','.eJxVjDsOwjAQBe_iGllm8ZeSnjNYu14bB5AtxUmFuDtESgHtm5n3EhHXpcZ15DlOLM4iiMPvRpgeuW2A79huXabelnkiuSlyp0NeO-fnZXf_DiqO-q3BalSh-OJOyVFRjEwAIRm2QWnNmg0Fr6lkr1RJFh24FAwcC3kwwOL9AfMOOBQ:1tb0tZ:omRUPnbMoFv1EJO1SrKhG_H11cQeR1zMe2VnNGiy6Zo','2025-02-06 17:21:33.364307');
INSERT INTO django_session VALUES('j3ndyebvrafj0x46b19zq96jh6rildi3','.eJxVjDsOwjAQBe_iGllm8ZeSnjNYu14bB5AtxUmFuDtESgHtm5n3EhHXpcZ15DlOLM4iiMPvRpgeuW2A79huXabelnkiuSlyp0NeO-fnZXf_DiqO-q3BalSh-OJOyVFRjEwAIRm2QWnNmg0Fr6lkr1RJFh24FAwcC3kwwOL9AfMOOBQ:1tb16k:O7AHxDO7QTeDWYqHsWgd6vbc3twijLOJbQupVxTEsSc','2025-02-06 17:35:10.076192');
INSERT INTO django_session VALUES('1ypxc88plzv2l6d1uymvvih3o4rh8fkd','e30:1tb1AE:l8JZrb9sNBfMKIOjJFKtuXR3iyjCOuNwiptdpq_vG2Q','2025-02-06 17:38:46.219618');
INSERT INTO django_session VALUES('hyekib3lbynd8d5wrqdajl8mn7zr2ftj','.eJxVjDsOwjAQBe_iGllm8ZeSnjNYu14bB5AtxUmFuDtESgHtm5n3EhHXpcZ15DlOLM4iiMPvRpgeuW2A79huXabelnkiuSlyp0NeO-fnZXf_DiqO-q3BalSh-OJOyVFRjEwAIRm2QWnNmg0Fr6lkr1RJFh24FAwcC3kwwOL9AfMOOBQ:1tb1Al:ApKn88XddUm9SbDQcVSLMRk6lHP3_M5pR3txdkip-rM','2025-02-06 17:39:19.178343');
INSERT INTO django_session VALUES('rkk9oi22aulumex9v5b2gi0tid6ways7','.eJxVjDsOwjAQBe_iGllm8ZeSnjNYu14bB5AtxUmFuDtESgHtm5n3EhHXpcZ15DlOLM4iiMPvRpgeuW2A79huXabelnkiuSlyp0NeO-fnZXf_DiqO-q3BalSh-OJOyVFRjEwAIRm2QWnNmg0Fr6lkr1RJFh24FAwcC3kwwOL9AfMOOBQ:1tb1zv:56yHLfdL6eRzTl53LjuboUK9B29ioZkjA1Pq9TyndO4','2025-02-06 18:32:11.017651');
INSERT INTO django_session VALUES('stsjd4rb3f0y3hkjr1lrgwmn2pynju0r','.eJxVjDsOwjAQBe_iGlkxjh2bkj5nsHb32SSAHCmfCnF3iJQC2jcz76USbeuQtiXPaYS6KOPU6XdkkkeuO8Gd6m3SMtV1Hlnvij7oovsJ-Xk93L-DgZbhW_sWnbXSWERp2NlYSjCA7SRCMnMHiLeE3HIToglnLgTPDoFc9N6r9wcoAzkH:1tb27C:uHU8vQ2KJlOmo7D_9sIP2WBjQMfQbK-vWPHSFc-FbuM','2025-02-06 18:39:42.610393');
INSERT INTO django_session VALUES('48ysdrvomyjvkqql7kqul644ja2zy58m','e30:1tb29Y:Ukwd0cutSysrgaj-GJPrCf-r7q6D8QClmDnZ6pkyPME','2025-02-06 18:42:08.593794');
INSERT INTO django_session VALUES('f3nqxhca8pcser5yc1rual1tlufgcfns','.eJxVjDsOwjAQBe_iGllm8ZeSnjNYu14bB5AtxUmFuDtESgHtm5n3EhHXpcZ15DlOLM4iiMPvRpgeuW2A79huXabelnkiuSlyp0NeO-fnZXf_DiqO-q3BalSh-OJOyVFRjEwAIRm2QWnNmg0Fr6lkr1RJFh24FAwcC3kwwOL9AfMOOBQ:1tb2CS:QyofHlddAS8zpVkdXfOymI6SCdUCz8Fz7qhcdWaGB38','2025-02-06 18:45:08.087222');
INSERT INTO django_session VALUES('5s9ogl5osdjh8wmpjcg88ii4sfn07bce','.eJxVjDsOwjAQBe_iGllm8ZeSnjNYu14bB5AtxUmFuDtESgHtm5n3EhHXpcZ15DlOLM4iiMPvRpgeuW2A79huXabelnkiuSlyp0NeO-fnZXf_DiqO-q3BalSh-OJOyVFRjEwAIRm2QWnNmg0Fr6lkr1RJFh24FAwcC3kwwOL9AfMOOBQ:1tb2Dx:fdVEu25begxfcsVemjI9MbjHoPbtTqZdjbZX6t5Zzvc','2025-02-06 18:46:41.005030');
INSERT INTO django_session VALUES('z03cdwmzm2n49c6ocsxgjbb9gkesuq6z','.eJxVjDsOwjAQBe_iGllm8ZeSnjNYu14bB5AtxUmFuDtESgHtm5n3EhHXpcZ15DlOLM4iiMPvRpgeuW2A79huXabelnkiuSlyp0NeO-fnZXf_DiqO-q3BalSh-OJOyVFRjEwAIRm2QWnNmg0Fr6lkr1RJFh24FAwcC3kwwOL9AfMOOBQ:1tbDLb:cQw_ax-W3Wzxs89xQ2xEQ4I57R3FFyGUCKJ45P_TNTQ','2025-02-07 06:39:19.480520');
INSERT INTO django_session VALUES('x1v8watyju9qylz7sntl9htq2ua4y72f','.eJxVjDsOwjAQBe_iGllm8ZeSnjNYu14bB5AtxUmFuDtESgHtm5n3EhHXpcZ15DlOLM4iiMPvRpgeuW2A79huXabelnkiuSlyp0NeO-fnZXf_DiqO-q3BalSh-OJOyVFRjEwAIRm2QWnNmg0Fr6lkr1RJFh24FAwcC3kwwOL9AfMOOBQ:1tbDqM:mAOeHPIqmmGal3aDpR9SH-A1DlAEn7MON5YFphWZxUw','2025-02-07 07:11:06.338729');
INSERT INTO django_session VALUES('oud9a7m08bwximhg0jmb43rrq8w14f6b','e30:1tetmj:5dPl-TaSQCvDd4tTxh7ZwUBBbcU_Z2v66IUvy60kZSE','2025-02-17 10:34:33.360798');
INSERT INTO django_session VALUES('nssy8dd6yq3tjohcrk6cw3z86rcytnbd','.eJxVjMsOwiAQRf-FtSGFUh4u3fsNZGZgpGogKe3K-O_apAvd3nPOfYkI21ri1vMS5yTOIojT74ZAj1x3kO5Qb01Sq-syo9wVedAury3l5-Vw_w4K9PKtEXEkTyZPMCZknhwkpax1nkAnzI61MuyVZ6DBjTpYrQMa8jYYq3kQ7w8VWzg-:1tetmy:aSBMz80GfIxtsMjo94aMOPARh52iPmcfe4CIikUVGRg','2025-02-17 10:34:48.865435');
INSERT INTO django_session VALUES('xiz6u35nm4teiw4dx48a89vz961kiiem','e30:1tettx:mry_Gt88YQXnFbSZze8T1_ar5dtc9mpv-5QAw5qsNzI','2025-02-17 10:42:01.600097');
INSERT INTO django_session VALUES('m28kz4v5yxabboc23y5gtecjivml7a9x','.eJxVjDsOwjAQBe_iGllm8ZeSnjNYu14bB5AtxUmFuDtESgHtm5n3EhHXpcZ15DlOLM4iiMPvRpgeuW2A79huXabelnkiuSlyp0NeO-fnZXf_DiqO-q3BalSh-OJOyVFRjEwAIRm2QWnNmg0Fr6lkr1RJFh24FAwcC3kwwOL9AfMOOBQ:1tfFFU:yHEoDqIe6PlyCFTk4ITwNmfXaTdsVJwPd53dMIr0ur8','2025-02-18 09:29:40.615021');
CREATE TABLE IF NOT EXISTS `teacher_classroom` (`id` integer NOT NULL PRIMARY KEY AUTO_INCREMENT, `created_at` datetime NOT NULL, `grade_id` bigint NOT NULL REFERENCES `academic_grade` (`id`) DEFERRABLE INITIALLY DEFERRED, `subject_id` bigint NOT NULL REFERENCES `academic_subject` (`id`) DEFERRABLE INITIALLY DEFERRED, `teacher_id` integer NOT NULL REFERENCES `teacher_teacher` (`id`) DEFERRABLE INITIALLY DEFERRED, `center_id` bigint NOT NULL REFERENCES `center_manager_center` (`id`) DEFERRABLE INITIALLY DEFERRED);
INSERT INTO teacher_classroom VALUES(8,'2024-11-27 07:25:35.439542',3,1,7,5);
INSERT INTO teacher_classroom VALUES(9,'2024-11-27 07:26:41.324513',1,2,10,5);
INSERT INTO teacher_classroom VALUES(10,'2024-11-27 07:27:16.801768',2,1,11,5);
INSERT INTO teacher_classroom VALUES(11,'2024-11-27 07:27:52.233396',3,2,9,5);
CREATE TABLE IF NOT EXISTS `teacher_teacher` (`id` integer NOT NULL PRIMARY KEY AUTO_INCREMENT, `name` varchar(25) NOT NULL, `photo` varchar(100) NULL, `date_of_birth` date NOT NULL, `gender` varchar(10) NOT NULL, `phone_no` varchar(15) NOT NULL UNIQUE, `email` varchar(254) NOT NULL UNIQUE, `address_id` bigint NULL REFERENCES `address_address` (`id`) DEFERRABLE INITIALLY DEFERRED, `date_joined` date NOT NULL, `is_active` bool NOT NULL, `department_id` bigint NULL REFERENCES `academic_department` (`id`) DEFERRABLE INITIALLY DEFERRED, `user_id` integer NOT NULL UNIQUE REFERENCES `auth_user` (`id`) DEFERRABLE INITIALLY DEFERRED, `employee_code` integer unsigned NULL UNIQUE CHECK (`employee_code` >= 0), `id_number` varchar(20) NOT NULL UNIQUE, `nationality_id` bigint NULL REFERENCES `academic_nationality` (`id`) DEFERRABLE INITIALLY DEFERRED, `surname` varchar(25) NOT NULL);
INSERT INTO teacher_teacher VALUES(7,'Eric','teacher_photos/jst_VvonfhC.png','1971-11-15','Male','0839023001','me@example.com',9,'2024-11-26',1,1,12,1016,'7111115790089',2,'Chauke');
INSERT INTO teacher_teacher VALUES(8,'Livhuwani','','1963-08-07','Female','0839023002','me2@example.com',9,'2024-11-26',1,2,13,1017,'6308070801080',2,'Chauke');
INSERT INTO teacher_teacher VALUES(9,'Thomas','','1962-01-28','Male','0831236548','tom@example.com',9,'2024-11-26',1,1,14,1018,'6201285767081',2,'Chauke');
INSERT INTO teacher_teacher VALUES(10,'Duze','','1966-12-20','Male','0761234567','duze@example.com',9,'2024-11-26',1,1,15,1033,'6612205990183',2,'Dube');
INSERT INTO teacher_teacher VALUES(11,'Claude','','1964-10-04','Male','0781234567','claude@ex.com',4,'2024-11-26',1,2,16,1056,'6410045467185',2,'Kasendu');
INSERT INTO teacher_teacher VALUES(12,'Mpho','teacher_photos/jst_K8t2d7Y.png','1971-10-13','Male','0839023000','example@gmail.com',6,'2024-10-30',1,1,17,1145,'7110130403082',2,'Matloga');
INSERT INTO teacher_teacher VALUES(13,'Joseph','teacher_photos/jst_wQqlvoh.png','1975-04-05','Male','0839023003','to@gmail.com',6,'2024-12-03',1,1,18,1148,'7504056808185',2,'Maura');
INSERT INTO teacher_teacher VALUES(14,'Shingirayi','teacher_photos/jst_WplxtN4.png','1970-11-01','Female','0839023004','to1@gmail.com',1,'2024-12-03',1,1,19,1168,'7011016106189',2,'Mhonda');
INSERT INTO teacher_teacher VALUES(15,'Lindiwe','teacher_photos/jst_WDcVyNT.png','1964-08-19','Female','0839023005','to2@gmail.com',3,'2024-12-03',1,2,20,1169,'6408190362086',2,'Mjiyako');
INSERT INTO teacher_teacher VALUES(16,'Pumelele','teacher_photos/jst_UypHDdZ.png','1969-03-24','Male','0839023006','to3@gmail.com',3,'2024-12-03',1,2,21,1181,'6903240316082',2,'Mnyandu');
INSERT INTO teacher_teacher VALUES(17,'Onica','','1967-07-27','Female','0839023007','to4@gmail.com',3,'2024-12-03',1,2,22,1182,'6707270744083',2,'Modipa');
INSERT INTO teacher_teacher VALUES(18,'Francis','teacher_photos/jst_fR74Nc7.png','1980-04-07','Female','0839023008','to5@gmail.com',3,'2024-12-03',1,1,23,1228,'8004075651087',2,'Motaung');
INSERT INTO teacher_teacher VALUES(19,'Sibusiso','','1984-06-07','Male','0839023009','to6@gmail.com',4,'2024-12-03',1,1,24,1240,'8406075891086',2,'Mbuso');
INSERT INTO teacher_teacher VALUES(20,'Majabulile','teacher_photos/jst_KIVxlZG.png','1967-08-11','Male','0839023011','to7@gmail.com',4,'2024-12-03',1,1,25,1264,'6708110263086',2,'Ndhlovu');
INSERT INTO teacher_teacher VALUES(21,'Bongani','','1985-06-07','Male','0839023012','to8@gmail.com',5,'2024-12-03',1,2,26,1266,'8506076161080',2,'Ndlovu');
CREATE TABLE IF NOT EXISTS `teacher_teachercenterassignment` (`id` integer NOT NULL PRIMARY KEY AUTO_INCREMENT, `start_date` date NOT NULL, `end_date` date NULL, `is_current` bool NOT NULL, `center_id` bigint NOT NULL REFERENCES `center_manager_center` (`id`) DEFERRABLE INITIALLY DEFERRED, `teacher_id` bigint NOT NULL REFERENCES `teacher_teacher` (`id`) DEFERRABLE INITIALLY DEFERRED);
INSERT INTO teacher_teachercenterassignment VALUES(1,'2024-11-27','2025-07-18',1,5,7);
INSERT INTO teacher_teachercenterassignment VALUES(2,'2024-11-27','2026-03-28',1,5,8);
INSERT INTO teacher_teachercenterassignment VALUES(3,'2024-11-27','2026-03-28',1,5,9);
INSERT INTO teacher_teachercenterassignment VALUES(4,'2024-11-27','2026-04-25',1,5,10);
INSERT INTO teacher_teachercenterassignment VALUES(5,'2024-11-27','2026-12-24',1,5,11);
INSERT INTO teacher_teachercenterassignment VALUES(6,'2024-12-03','2024-12-03',1,5,12);
INSERT INTO teacher_teachercenterassignment VALUES(7,'2024-12-03','2026-01-29',1,5,13);
INSERT INTO teacher_teachercenterassignment VALUES(8,'2024-12-03','2025-07-24',1,5,14);
INSERT INTO teacher_teachercenterassignment VALUES(9,'2024-12-03','2026-03-28',1,5,15);
INSERT INTO teacher_teachercenterassignment VALUES(10,'2024-12-03','2025-03-22',1,5,16);
INSERT INTO teacher_teachercenterassignment VALUES(11,'2024-12-03','2025-11-29',1,5,17);
INSERT INTO teacher_teachercenterassignment VALUES(12,'2024-12-03','2025-08-23',1,5,18);
INSERT INTO teacher_teachercenterassignment VALUES(13,'2024-12-03','2025-09-26',1,5,19);
INSERT INTO teacher_teachercenterassignment VALUES(14,'2024-12-03','2025-10-31',1,5,20);
INSERT INTO teacher_teachercenterassignment VALUES(15,'2024-12-03','2026-04-24',1,5,21);
CREATE TABLE IF NOT EXISTS `academic_session` (`id` integer NOT NULL PRIMARY KEY AUTO_INCREMENT, `start_time` time NOT NULL, `end_time` time NOT NULL, `grade_id` bigint NULL REFERENCES `academic_grade` (`id`) DEFERRABLE INITIALLY DEFERRED, `subject_id` bigint NULL REFERENCES `academic_subject` (`id`) DEFERRABLE INITIALLY DEFERRED, `day` varchar(9) NOT NULL);
INSERT INTO academic_session VALUES(1,'09:00:00','12:00:00',1,1,'SAT');
INSERT INTO academic_session VALUES(2,'09:00:00','12:00:00',1,1,'SAT');
INSERT INTO academic_session VALUES(3,'10:00:00','12:00:00',1,1,'SAT');
INSERT INTO academic_session VALUES(4,'09:00:00','12:00:00',1,1,'SAT');
INSERT INTO academic_session VALUES(5,'09:00:00','12:00:00',1,1,'SAT');
INSERT INTO academic_session VALUES(6,'09:00:00','12:00:00',1,2,'SAT');
INSERT INTO academic_session VALUES(7,'09:00:00','12:00:00',1,3,'SAT');
INSERT INTO academic_session VALUES(8,'09:00:00','12:00:00',2,1,'SAT');
INSERT INTO academic_session VALUES(9,'09:00:00','12:00:00',1,1,'SAT');
INSERT INTO academic_session VALUES(10,'12:00:00','14:00:00',1,1,'SAT');
INSERT INTO academic_session VALUES(11,'12:00:00','14:00:00',1,1,'SAT');
INSERT INTO academic_session VALUES(12,'09:00:00','12:00:00',1,1,'SAT');
INSERT INTO academic_session VALUES(13,'09:00:00','12:00:00',1,1,'SAT');
INSERT INTO academic_session VALUES(14,'12:00:00','14:00:00',1,1,'SAT');
INSERT INTO academic_session VALUES(15,'14:00:00','15:00:00',1,1,'SAT');
INSERT INTO academic_session VALUES(16,'09:00:00','12:00:00',1,2,'SAT');
INSERT INTO academic_session VALUES(17,'09:00:00','12:00:00',1,1,'SAT');
INSERT INTO academic_session VALUES(18,'12:00:00','14:00:00',1,1,'SAT');
INSERT INTO academic_session VALUES(19,'14:00:00','15:00:00',1,1,'SAT');
INSERT INTO academic_session VALUES(20,'14:00:00','16:00:00',1,2,'SAT');
INSERT INTO academic_session VALUES(21,'09:00:00','12:00:00',1,1,'SAT');
INSERT INTO academic_session VALUES(22,'10:00:00','12:00:00',1,1,'SAT');
CREATE TABLE IF NOT EXISTS `teacher_timesheet` (`id` integer NOT NULL PRIMARY KEY AUTO_INCREMENT, `date` date NOT NULL, `atp_hours` decimal NOT NULL, `date_submitted` datetime NOT NULL, `attendance_marked` bool NOT NULL, `session_id` bigint NOT NULL REFERENCES `academic_session` (`id`) DEFERRABLE INITIALLY DEFERRED, `teacher_id` bigint NOT NULL REFERENCES `teacher_teacher` (`id`) DEFERRABLE INITIALLY DEFERRED, `approved` bool NOT NULL);
INSERT INTO teacher_timesheet VALUES(3,'2024-12-03',2,'2024-12-03 10:08:09.627502',0,3,7,0);
INSERT INTO teacher_timesheet VALUES(4,'2024-12-07',3,'2024-12-03 11:52:51.027321',0,4,10,0);
INSERT INTO teacher_timesheet VALUES(5,'2024-12-07',3,'2024-12-12 07:22:44.951054',0,5,10,0);
INSERT INTO teacher_timesheet VALUES(6,'2024-12-14',3,'2024-12-12 07:23:00.484774',0,6,10,0);
INSERT INTO teacher_timesheet VALUES(7,'2024-11-09',3,'2024-12-12 07:23:21.244863',0,7,10,0);
INSERT INTO teacher_timesheet VALUES(8,'2024-12-28',3,'2024-12-12 07:24:35.600657',0,8,10,0);
INSERT INTO teacher_timesheet VALUES(9,'2025-01-18',3,'2025-01-18 13:56:35.031089',0,9,10,1);
INSERT INTO teacher_timesheet VALUES(10,'2025-01-11',3,'2025-01-18 14:41:15.716585',0,12,10,0);
INSERT INTO teacher_timesheet VALUES(11,'2025-01-17',3,'2025-01-18 14:42:00.330923',0,13,10,0);
INSERT INTO teacher_timesheet VALUES(12,'2025-01-11',2,'2025-01-18 14:44:15.736335',0,14,10,0);
INSERT INTO teacher_timesheet VALUES(13,'2025-01-11',1,'2025-01-18 14:47:05.245873',0,15,10,0);
INSERT INTO teacher_timesheet VALUES(14,'2025-01-11',3,'2025-01-18 14:50:20.720151',0,16,10,0);
INSERT INTO teacher_timesheet VALUES(15,'2025-01-11',3,'2025-01-18 14:54:18.886627',0,17,7,0);
INSERT INTO teacher_timesheet VALUES(16,'2025-01-11',2,'2025-01-18 14:56:55.725530',0,18,7,0);
INSERT INTO teacher_timesheet VALUES(17,'2025-01-11',1,'2025-01-18 14:58:49.348229',0,19,7,0);
INSERT INTO teacher_timesheet VALUES(18,'2025-01-11',2,'2025-01-18 15:13:07.692490',0,20,7,0);
INSERT INTO teacher_timesheet VALUES(19,'2025-01-11',3,'2025-01-18 15:15:27.079813',0,21,9,0);
INSERT INTO teacher_timesheet VALUES(20,'2025-01-11',2,'2025-01-18 15:16:29.722423',0,22,9,0);
CREATE TABLE IF NOT EXISTS `learner_learner` (`id` integer NOT NULL PRIMARY KEY AUTO_INCREMENT, `id_no` varchar(50) NOT NULL, `date_of_birth` date NOT NULL, `disability` varchar(10) NOT NULL, `email` varchar(254) NULL, `exited_programme` date NULL, `gender` varchar(10) NOT NULL, `home_language` varchar(45) NOT NULL, `is_delete` bool NOT NULL, `joined_programme` date NULL, `name` varchar(45) NOT NULL, `nationality_id` bigint NULL REFERENCES `academic_nationality` (`id`) DEFERRABLE INITIALLY DEFERRED, `phone_no` varchar(11) NOT NULL, `photo` varchar(100) NOT NULL, `race` varchar(45) NOT NULL, `surname` varchar(45) NOT NULL, `center_id` bigint NOT NULL REFERENCES `center_manager_center` (`id`) DEFERRABLE INITIALLY DEFERRED, `documents` varchar(500) NULL, `user_id` integer NULL UNIQUE REFERENCES `auth_user` (`id`) DEFERRABLE INITIALLY DEFERRED, `disabilities` varchar(50) NULL);
INSERT INTO learner_learner VALUES(12,'0609096186083','2006-09-09','N',NULL,NULL,'F','zulu',0,'2024-11-26','Linda',2,'0797894562','learner-photos/jst_M3XXhj2.png','B','Andiswa',5,'https://royalmcgradycoza-my.sharepoint.com/personal/nik_royalmcgrady_co_za/_layouts/15/onedrive.aspx?id=%2Fpersonal%2Fnik%5Froyalmcgrady%5Fco%5Fza%2FDocuments%2FKutlwanong%20Centers%2FDobsonville%2FGrade%2012%2FANDISWA%20LINDA%2Epdf&parent=%2Fpersonal%2Fnik%5Froyalmcgrady%5Fco%5Fza%2FDocuments%2FKutlwanong%20Centers%2FDobsonville%2FGrade%2012',NULL,NULL);
INSERT INTO learner_learner VALUES(13,'0507096358084','2005-07-09','N',NULL,NULL,'M','zulu',0,'2024-11-26','Luthuli',2,'0661234569','learner-photos/jst_W3S9fO0.png','B','Khethokuhle Zamani',5,'https://royalmcgradycoza-my.sharepoint.com/personal/nik_royalmcgrady_co_za/_layouts/15/onedrive.aspx?id=%2Fpersonal%2Fnik%5Froyalmcgrady%5Fco%5Fza%2FDocuments%2FKutlwanong%20Centers%2FDobsonville%2FGrade%2012%2FKHETHOKUHLE%20ZAMANI%20LUTHULI%2Epdf&parent=%2Fpersonal%2Fnik%5Froyalmcgrady%5Fco%5Fza%2FDocuments%2FKutlwanong%20Centers%2FDobsonville%2FGrade%2012',NULL,NULL);
INSERT INTO learner_learner VALUES(14,'0606225806086','2006-06-22','N',NULL,NULL,'M','zulu',0,'2024-11-26','Molefe',2,'0691234568','learner-photos/jst_GGd4O9m.png','B','Olebogeng',5,'https://royalmcgradycoza-my.sharepoint.com/personal/nik_royalmcgrady_co_za/_layouts/15/onedrive.aspx?id=%2Fpersonal%2Fnik%5Froyalmcgrady%5Fco%5Fza%2FDocuments%2FKutlwanong%20Centers%2FDobsonville%2FGrade%2012%2FOLEBOGENG%20MOLEFE%2Epdf&parent=%2Fpersonal%2Fnik%5Froyalmcgrady%5Fco%5Fza%2FDocuments%2FKutlwanong%20Centers%2FDobsonville%2FGrade%2012',28,NULL);
INSERT INTO learner_learner VALUES(15,'0512160352088','2005-12-16','N',NULL,NULL,'M','zulu',0,'2024-11-26','Mthetwa',2,'0124567896','learner-photos/jst_kWDq9IQ.png','B','Celimpilo',5,NULL,NULL,NULL);
INSERT INTO learner_learner VALUES(16,'0608241514082','2006-08-24','N',NULL,NULL,'M','zulu',0,'2024-11-26','Mzizi',2,'0671234567','learner-photos/jst_10cGfCE.png','B','Nontobeko',5,'https://royalmcgradycoza-my.sharepoint.com/personal/nik_royalmcgrady_co_za/_layouts/15/onedrive.aspx?id=%2Fpersonal%2Fnik%5Froyalmcgrady%5Fco%5Fza%2FDocuments%2FKutlwanong%20Centers%2FDobsonville%2FGrade%2012%2FNONTOBEKO%20PRETTY%20MZIZI%2Epdf&parent=%2Fpersonal%2Fnik%5Froyalmcgrady%5Fco%5Fza%2FDocuments%2FKutlwanong%20Centers%2FDobsonville%2FGrade%2012',NULL,NULL);
INSERT INTO learner_learner VALUES(17,'0701205800082','2007-01-20','N',NULL,NULL,'M','zulu',0,'2024-11-26','Sereko',2,'0612345687','learner-photos/jst_sVWuvWi.png','B','Bongani Hector',5,NULL,NULL,NULL);
INSERT INTO learner_learner VALUES(18,'0602105579083','2006-02-10','N',NULL,NULL,'M','zulu',0,'2024-11-26','Sakumuzi',2,'0235468975','learner-photos/jst_Eqj61OT.png','B','Hlongwane',5,'https://royalmcgradycoza-my.sharepoint.com/personal/nik_royalmcgrady_co_za/_layouts/15/onedrive.aspx?id=%2Fpersonal%2Fnik%5Froyalmcgrady%5Fco%5Fza%2FDocuments%2FKutlwanong%20Centers%2FDobsonville%2FGrade%2012%2FSAKHUMZI%20DONDA%20HLONGWANE%2Epdf&parent=%2Fpersonal%2Fnik%5Froyalmcgrady%5Fco%5Fza%2FDocuments%2FKutlwanong%20Centers%2FDobsonville%2FGrade%2012',NULL,NULL);
INSERT INTO learner_learner VALUES(19,'0703030582083','2007-03-03','N',NULL,NULL,'F','zulu',0,'2024-11-26','Jele',2,'0123456985','learner-photos/jst_rJsHA2W.png','B','Uyanda',5,'https://royalmcgradycoza-my.sharepoint.com/personal/nik_royalmcgrady_co_za/_layouts/15/onedrive.aspx?id=%2Fpersonal%2Fnik%5Froyalmcgrady%5Fco%5Fza%2FDocuments%2FKutlwanong%20Centers%2FDobsonville%2FGrade%2012%2FUYANDA%20JELE%2Epdf&parent=%2Fpersonal%2Fnik%5Froyalmcgrady%5Fco%5Fza%2FDocuments%2FKutlwanong%20Centers%2FDobsonville%2FGrade%2012',NULL,NULL);
INSERT INTO learner_learner VALUES(20,'0704180374081','2007-04-18','N',NULL,NULL,'F','zulu',0,'2024-11-26','Simphiwe',2,'0111234567','learner-photos/jst_wdg9r97.png','B','Teamo',5,'https://royalmcgradycoza-my.sharepoint.com/personal/nik_royalmcgrady_co_za/_layouts/15/onedrive.aspx?id=%2Fpersonal%2Fnik%5Froyalmcgrady%5Fco%5Fza%2FDocuments%2FKutlwanong%20Centers%2FDobsonville%2FGrade%2012%2FSIMPHIWE%20TEAMO%20MAKAMA%2Epdf&parent=%2Fpersonal%2Fnik%5Froyalmcgrady%5Fco%5Fza%2FDocuments%2FKutlwanong%20Centers%2FDobsonville%2FGrade%2012',NULL,NULL);
INSERT INTO learner_learner VALUES(21,'0610275823082','2006-10-27','N',NULL,NULL,'M','zulu',0,'2024-11-26','Maphosa',2,'01253456987','learner-photos/jst_okP6TI4.png','B','Lunga Brandon',5,'https://royalmcgradycoza-my.sharepoint.com/personal/nik_royalmcgrady_co_za/_layouts/15/onedrive.aspx?id=%2Fpersonal%2Fnik%5Froyalmcgrady%5Fco%5Fza%2FDocuments%2FKutlwanong%20Centers%2FDobsonville%2FGrade%2012%2FLUNGA%20BRANDON%20MAPHOSA%2Epdf&parent=%2Fpersonal%2Fnik%5Froyalmcgrady%5Fco%5Fza%2FDocuments%2FKutlwanong%20Centers%2FDobsonville%2FGrade%2012',NULL,NULL);
INSERT INTO learner_learner VALUES(22,'0705205811080','2007-05-02','N',NULL,NULL,'M','zulu',0,'2024-11-26','Mazomba',2,'0142587965','learner-photos/jst_w0LHxci.png','B','Smangaliso Surprise',5,'https://royalmcgradycoza-my.sharepoint.com/personal/nik_royalmcgrady_co_za/_layouts/15/onedrive.aspx?id=%2Fpersonal%2Fnik%5Froyalmcgrady%5Fco%5Fza%2FDocuments%2FKutlwanong%20Centers%2FDobsonville%2FGrade%2012%2FSMAGALISO%20SUPRICE%20MAZOMBA%2Epdf&parent=%2Fpersonal%2Fnik%5Froyalmcgrady%5Fco%5Fza%2FDocuments%2FKutlwanong%20Centers%2FDobsonville%2FGrade%2012',NULL,NULL);
INSERT INTO learner_learner VALUES(23,'0608160603080','2006-08-16','N',NULL,NULL,'F','zulu',0,'2024-11-26','Mbabane',2,'0132587469','learner-photos/jst_cDeZEbh.png','B','Omhle',5,'https://royalmcgradycoza-my.sharepoint.com/personal/nik_royalmcgrady_co_za/_layouts/15/onedrive.aspx?id=%2Fpersonal%2Fnik%5Froyalmcgrady%5Fco%5Fza%2FDocuments%2FKutlwanong%20Centers%2FDobsonville%2FGrade%2012%2FOMHLE%20MBABANE%2Epdf&parent=%2Fpersonal%2Fnik%5Froyalmcgrady%5Fco%5Fza%2FDocuments%2FKutlwanong%20Centers%2FDobsonville%2FGrade%2012',NULL,NULL);
INSERT INTO learner_learner VALUES(24,'0612090183080','2006-12-09','N',NULL,NULL,'F','zulu',0,'2024-11-26','Mtabane',2,'0192345687','learner-photos/jst_VWIB1Qx.png','B','Noncedo',5,'https://royalmcgradycoza-my.sharepoint.com/personal/nik_royalmcgrady_co_za/_layouts/15/onedrive.aspx?id=%2Fpersonal%2Fnik%5Froyalmcgrady%5Fco%5Fza%2FDocuments%2FKutlwanong%20Centers%2FDobsonville%2FGrade%2012%2FOUTSTANDING%20DOCUMENTS%2FOUTSTANDING%20DOCUMETS%2FNONCEDO%20MTABANE%2Epdf&parent=%2Fpersonal%2Fnik%5Froyalmcgrady%5Fco%5Fza%2FDocuments%2FKutlwanong%20Centers%2FDobsonville%2FGrade%2012%2FOUTSTANDING%20DOCUMENTS%2FOUTSTANDING%20DOCUMETS',NULL,NULL);
INSERT INTO learner_learner VALUES(25,'0612100221086','2006-12-10','N',NULL,NULL,'M','zulu',0,'2024-11-26','Mthembu',2,'0140257895','learner-photos/jst_my6LRPY.png','B','Lindokuhle',5,'https://royalmcgradycoza-my.sharepoint.com/personal/nik_royalmcgrady_co_za/_layouts/15/onedrive.aspx?id=%2Fpersonal%2Fnik%5Froyalmcgrady%5Fco%5Fza%2FDocuments%2FKutlwanong%20Centers%2FDobsonville%2FGrade%2012%2FLINDOKUHLE%20MTHEMBU%2Epdf&parent=%2Fpersonal%2Fnik%5Froyalmcgrady%5Fco%5Fza%2FDocuments%2FKutlwanong%20Centers%2FDobsonville%2FGrade%2012',NULL,NULL);
INSERT INTO learner_learner VALUES(26,'0610151190085','2006-10-15','N',NULL,NULL,'F','zulu',0,'2024-11-26','Mtshali',2,'0152345698','learner-photos/jst_pSkF8K1.png','B','Simphiwe',5,'https://royalmcgradycoza-my.sharepoint.com/personal/nik_royalmcgrady_co_za/_layouts/15/onedrive.aspx?id=%2Fpersonal%2Fnik%5Froyalmcgrady%5Fco%5Fza%2FDocuments%2FKutlwanong%20Centers%2FDobsonville%2FGrade%2012%2FSIMPHIWE%20MTSHALI%2Epdf&parent=%2Fpersonal%2Fnik%5Froyalmcgrady%5Fco%5Fza%2FDocuments%2FKutlwanong%20Centers%2FDobsonville%2FGrade%2012',NULL,NULL);
INSERT INTO learner_learner VALUES(27,'0606020269084','2006-06-02','N',NULL,NULL,'M','zulu',0,'2024-11-26','Mtshali',2,'0140257896','learner-photos/jst_gXWEkLi.png','B','Lungile',5,'',NULL,NULL);
INSERT INTO learner_learner VALUES(28,'0707110094083','2007-07-11','N',NULL,NULL,'F','zulu',0,'2024-11-26','Ndaleni',2,'0112547896','learner-photos/jst_oFkrCcG.png','B','Avela',5,'https://royalmcgradycoza-my.sharepoint.com/personal/nik_royalmcgrady_co_za/_layouts/15/onedrive.aspx?id=%2Fpersonal%2Fnik%5Froyalmcgrady%5Fco%5Fza%2FDocuments%2FKutlwanong%20Centers%2FDobsonville%2FGrade%2012%2FAVELA%20NDALENI%2Epdf&parent=%2Fpersonal%2Fnik%5Froyalmcgrady%5Fco%5Fza%2FDocuments%2FKutlwanong%20Centers%2FDobsonville%2FGrade%2012',NULL,NULL);
INSERT INTO learner_learner VALUES(29,'0703306595082','2007-03-30','N',NULL,NULL,'M','zulu',0,'2024-11-26','Ndlovu',2,'0132587968','learner-photos/jst_asEmMyt.png','B','Bonginkosi Godknows',5,'https://royalmcgradycoza-my.sharepoint.com/personal/nik_royalmcgrady_co_za/_layouts/15/onedrive.aspx?id=%2Fpersonal%2Fnik%5Froyalmcgrady%5Fco%5Fza%2FDocuments%2FKutlwanong%20Centers%2FDobsonville%2FGrade%2012%2FBONGINKOSI%20GODKNOWS%20NDLOVU%2Epdf&parent=%2Fpersonal%2Fnik%5Froyalmcgrady%5Fco%5Fza%2FDocuments%2FKutlwanong%20Centers%2FDobsonville%2FGrade%2012',NULL,NULL);
INSERT INTO learner_learner VALUES(30,'0610241076088','2006-10-24','N',NULL,NULL,'F','zulu',0,'2024-11-26','Ncai',2,'0132589632','learner-photos/jst_AZ2V9LE.png','B','Unathi Edith',5,'https://royalmcgradycoza-my.sharepoint.com/personal/nik_royalmcgrady_co_za/_layouts/15/onedrive.aspx?id=%2Fpersonal%2Fnik%5Froyalmcgrady%5Fco%5Fza%2FDocuments%2FKutlwanong%20Centers%2FDobsonville%2FGrade%2012%2FUNATHI%20EDITH%20NGCAI%2Epdf&parent=%2Fpersonal%2Fnik%5Froyalmcgrady%5Fco%5Fza%2FDocuments%2FKutlwanong%20Centers%2FDobsonville%2FGrade%2012',NULL,NULL);
INSERT INTO learner_learner VALUES(31,'0512056691086','2005-12-05','N',NULL,NULL,'F','zulu',0,'2024-11-26','Ngubane',2,'0123659800','learner-photos/jst_yUveYrj.png','B','Njabulo Gcina',5,'https://royalmcgradycoza-my.sharepoint.com/personal/nik_royalmcgrady_co_za/_layouts/15/onedrive.aspx?id=%2Fpersonal%2Fnik%5Froyalmcgrady%5Fco%5Fza%2FDocuments%2FKutlwanong%20Centers%2FDobsonville%2FGrade%2012%2FNJABULO%20GCINA%20NGUBANE%2Epdf&parent=%2Fpersonal%2Fnik%5Froyalmcgrady%5Fco%5Fza%2FDocuments%2FKutlwanong%20Centers%2FDobsonville%2FGrade%2012',NULL,NULL);
INSERT INTO learner_learner VALUES(32,'0512056691086','2005-12-05','N',NULL,NULL,'F','zulu',0,'2024-12-02','Ngubane',2,'0656715105','learner-photos/jst_yiq25Ak.png','B','Njabulo Gcina',5,NULL,NULL,NULL);
INSERT INTO learner_learner VALUES(33,'0703121113087','2007-03-12','N',NULL,NULL,'F','zulu',0,'2024-12-02','Nhleko',2,'0672749986','learner-photos/jst_BLeyAbS.png','B','Thandeka',5,'https://royalmcgradycoza-my.sharepoint.com/personal/nik_royalmcgrady_co_za/_layouts/15/onedrive.aspx?id=%2Fpersonal%2Fnik%5Froyalmcgrady%5Fco%5Fza%2FDocuments%2FKutlwanong%20Centers%2FDobsonville%2FGrade%2012%2FTHANDEKA%20NHLEKO%2Epdf&parent=%2Fpersonal%2Fnik%5Froyalmcgrady%5Fco%5Fza%2FDocuments%2FKutlwanong%20Centers%2FDobsonville%2FGrade%2012',NULL,NULL);
INSERT INTO learner_learner VALUES(34,'0610105577080','2006-10-10','N',NULL,NULL,'M','zulu',0,'2024-12-02','Tshabalala',2,'0731332627','learner-photos/jst_Yaem51U.png','B','Siphesihle Themba Junior',5,'https://royalmcgradycoza-my.sharepoint.com/personal/nik_royalmcgrady_co_za/_layouts/15/onedrive.aspx?id=%2Fpersonal%2Fnik%5Froyalmcgrady%5Fco%5Fza%2FDocuments%2FKutlwanong%20Centers%2FDobsonville%2FGrade%2012%2FSIPHESIHLE%20THEMBA%20TSHABALALA%2Epdf&parent=%2Fpersonal%2Fnik%5Froyalmcgrady%5Fco%5Fza%2FDocuments%2FKutlwanong%20Centers%2FDobsonville%2FGrade%2012',NULL,NULL);
INSERT INTO learner_learner VALUES(35,'0706175973082','2007-06-17','N',NULL,NULL,'M','zulu',0,'2024-12-02','Landule',2,'0716217767','learner-photos/jst_av6cDoy.png','B','Lihle',5,'https://royalmcgradycoza-my.sharepoint.com/personal/nik_royalmcgrady_co_za/_layouts/15/onedrive.aspx?id=%2Fpersonal%2Fnik%5Froyalmcgrady%5Fco%5Fza%2FDocuments%2FKutlwanong%20Centers%2FDobsonville%2FGrade%2012%2FLIHLE%20LANDULE%2Epdf&parent=%2Fpersonal%2Fnik%5Froyalmcgrady%5Fco%5Fza%2FDocuments%2FKutlwanong%20Centers%2FDobsonville%2FGrade%2012',NULL,NULL);
INSERT INTO learner_learner VALUES(36,'0705140426085','2007-05-14','N',NULL,NULL,'F','sotho',0,'2024-12-02','Mahlo',2,'0718216739','learner-photos/jst_bpZgjo4.png','B','Omphile',5,'https://royalmcgradycoza-my.sharepoint.com/personal/nik_royalmcgrady_co_za/_layouts/15/onedrive.aspx?id=%2Fpersonal%2Fnik%5Froyalmcgrady%5Fco%5Fza%2FDocuments%2FKutlwanong%20Centers%2FDobsonville%2FGrade%2012%2FOMPHILE%20MALEKGOTLA%20MAHLO%2Epdf&parent=%2Fpersonal%2Fnik%5Froyalmcgrady%5Fco%5Fza%2FDocuments%2FKutlwanong%20Centers%2FDobsonville%2FGrade%2012',NULL,NULL);
INSERT INTO learner_learner VALUES(37,'0702131141088','2007-02-13','N',NULL,NULL,'F','sotho',0,'2024-12-02','Mashaba',2,'0664893135','learner-photos/jst_aX1mfmS.png','B','Kgontse',5,'https://royalmcgradycoza-my.sharepoint.com/personal/nik_royalmcgrady_co_za/_layouts/15/onedrive.aspx?id=%2Fpersonal%2Fnik%5Froyalmcgrady%5Fco%5Fza%2FDocuments%2FKutlwanong%20Centers%2FDobsonville%2FGrade%2012%2FMMABO%20KGONTSE%20MASHABA%2Epdf&parent=%2Fpersonal%2Fnik%5Froyalmcgrady%5Fco%5Fza%2FDocuments%2FKutlwanong%20Centers%2FDobsonville%2FGrade%2012',NULL,NULL);
INSERT INTO learner_learner VALUES(38,'0607255344089','2007-07-25','N',NULL,NULL,'M','zulu',0,'2024-12-02','Masimula',2,'0834775124','learner-photos/jst_mKatZ6f.png','B','Nkosana',5,'https://royalmcgradycoza-my.sharepoint.com/personal/nik_royalmcgrady_co_za/_layouts/15/onedrive.aspx?id=%2Fpersonal%2Fnik%5Froyalmcgrady%5Fco%5Fza%2FDocuments%2FKutlwanong%20Centers%2FDobsonville%2FGrade%2012%2FNKOSANA%20BONGANI%20MASIMULA%2Epdf&parent=%2Fpersonal%2Fnik%5Froyalmcgrady%5Fco%5Fza%2FDocuments%2FKutlwanong%20Centers%2FDobsonville%2FGrade%2012',NULL,NULL);
INSERT INTO learner_learner VALUES(39,'0611180890083','2006-11-18','N',NULL,NULL,'F','zulu',0,'2024-12-03','Mathe',2,'0749244691','learner-photos/jst_nMhQzLN.png','B','Regina',5,'https://royalmcgradycoza-my.sharepoint.com/personal/nik_royalmcgrady_co_za/_layouts/15/onedrive.aspx?id=%2Fpersonal%2Fnik%5Froyalmcgrady%5Fco%5Fza%2FDocuments%2FKutlwanong%20Centers%2FDobsonville%2FGrade%2012%2FREGINA%20MATHE%2Epdf&parent=%2Fpersonal%2Fnik%5Froyalmcgrady%5Fco%5Fza%2FDocuments%2FKutlwanong%20Centers%2FDobsonville%2FGrade%2012',NULL,NULL);
INSERT INTO learner_learner VALUES(40,'0608250668084','2006-08-25','N',NULL,NULL,'F','xhosa',0,'2024-12-03','Ngxoko',2,'068696055','learner-photos/jst_aL2qCzJ.png','B','Owami',5,'https://royalmcgradycoza-my.sharepoint.com/personal/nik_royalmcgrady_co_za/_layouts/15/onedrive.aspx?id=%2Fpersonal%2Fnik%5Froyalmcgrady%5Fco%5Fza%2FDocuments%2FKutlwanong%20Centers%2FDobsonville%2FGrade%2012%2FOWAM%20NGXOKO%2Epdf&parent=%2Fpersonal%2Fnik%5Froyalmcgrady%5Fco%5Fza%2FDocuments%2FKutlwanong%20Centers%2FDobsonville%2FGrade%2012',NULL,NULL);
INSERT INTO learner_learner VALUES(41,'0704176072087','2007-04-17','N',NULL,NULL,'M','zulu',0,'2024-12-03','Ntini',2,'0784833098','learner-photos/jst_rMcgWh8.png','B','Nkosikhona',5,'https://royalmcgradycoza-my.sharepoint.com/personal/nik_royalmcgrady_co_za/_layouts/15/onedrive.aspx?id=%2Fpersonal%2Fnik_royalmcgrady_co_za%2FDocuments%2FKutlwanong%20Centers%2FDobsonville%2FGrade%2012%2FNKOSIKHONA%20NTINI%2Epdf&parent=%2Fpersonal%2Fnik_royalmcgrady_co_za%2FDocuments%2FKutlwanong%20Centers%2FDobsonville%2FGrade%2012',NULL,NULL);
INSERT INTO learner_learner VALUES(42,'0609261746083','2006-09-26','N',NULL,NULL,'F','zulu',0,'2024-12-03','Nzimande',2,'0619054944','learner-photos/jst_NsBiS77.png','B','Nonkululeko',5,'https://royalmcgradycoza-my.sharepoint.com/personal/nik_royalmcgrady_co_za/_layouts/15/onedrive.aspx?id=%2Fpersonal%2Fnik%5Froyalmcgrady%5Fco%5Fza%2FDocuments%2FKutlwanong%20Centers%2FDobsonville%2FGrade%2012%2FNONKULEKO%20PRECIOUS%20NZIMANDE%2Epdf&parent=%2Fpersonal%2Fnik%5Froyalmcgrady%5Fco%5Fza%2FDocuments%2FKutlwanong%20Centers%2FDobsonville%2FGrade%2012',NULL,NULL);
INSERT INTO learner_learner VALUES(43,'0609141371086','2006-09-14','N',NULL,NULL,'F','zulu',0,'2024-12-03','Skosana',2,'0693597533','learner-photos/jst_NfcfIK3.png','B','Nosipho',5,'https://royalmcgradycoza-my.sharepoint.com/personal/nik_royalmcgrady_co_za/_layouts/15/onedrive.aspx?id=%2Fpersonal%2Fnik%5Froyalmcgrady%5Fco%5Fza%2FDocuments%2FKutlwanong%20Centers%2FDobsonville%2FGrade%2012%2FNOSIPHO%20SKOSANA%2Epdf&parent=%2Fpersonal%2Fnik%5Froyalmcgrady%5Fco%5Fza%2FDocuments%2FKutlwanong%20Centers%2FDobsonville%2FGrade%2012',NULL,NULL);
INSERT INTO learner_learner VALUES(44,'0703101151081','2007-03-10','N',NULL,NULL,'F','zulu',0,'2024-12-03','Khumalo',2,'0784745814','learner-photos/jst_U1ySkCK.png','B','Busisiwe Nosipho',5,'https://royalmcgradycoza-my.sharepoint.com/personal/nik_royalmcgrady_co_za/_layouts/15/onedrive.aspx?id=%2Fpersonal%2Fnik%5Froyalmcgrady%5Fco%5Fza%2FDocuments%2FKutlwanong%20Centers%2FDobsonville%2FGrade%2012%2FBUSISIWE%20KHUMALO%2Epdf&parent=%2Fpersonal%2Fnik%5Froyalmcgrady%5Fco%5Fza%2FDocuments%2FKutlwanong%20Centers%2FDobsonville%2FGrade%2012',NULL,NULL);
INSERT INTO learner_learner VALUES(45,'0604166238088','2006-04-16','N',NULL,NULL,'M','zulu',0,'2024-12-03','Mahandana',2,'0786092256','learner-photos/jst_AptmsLO.png','B','Mundau',5,'https://royalmcgradycoza-my.sharepoint.com/personal/nik_royalmcgrady_co_za/_layouts/15/onedrive.aspx?id=%2Fpersonal%2Fnik%5Froyalmcgrady%5Fco%5Fza%2FDocuments%2FKutlwanong%20Centers%2FDobsonville%2FGrade%2012%2FMUNDAU%20MAHANDANA%2Epdf&parent=%2Fpersonal%2Fnik%5Froyalmcgrady%5Fco%5Fza%2FDocuments%2FKutlwanong%20Centers%2FDobsonville%2FGrade%2012',NULL,NULL);
INSERT INTO learner_learner VALUES(46,'0610025460086','2006-10-02','N',NULL,NULL,'M','zulu',0,'2024-12-03','Morake',2,'0739454484','learner-photos/jst_1Wj8mDW.png','B','Thapelo',5,'https://royalmcgradycoza-my.sharepoint.com/personal/nik_royalmcgrady_co_za/_layouts/15/onedrive.aspx?id=%2Fpersonal%2Fnik%5Froyalmcgrady%5Fco%5Fza%2FDocuments%2FKutlwanong%20Centers%2FDobsonville%2FGrade%2012%2FTHAPELO%20MORAKE%2Epdf&parent=%2Fpersonal%2Fnik%5Froyalmcgrady%5Fco%5Fza%2FDocuments%2FKutlwanong%20Centers%2FDobsonville%2FGrade%2012',NULL,NULL);
INSERT INTO learner_learner VALUES(47,'0602100585085','2006-02-10','N',NULL,NULL,'M','zulu',0,'2024-12-03','Sibeko',2,'0710123325','learner-photos/jst_B3hSTc5.png','B','Ntokozo',5,'https://royalmcgradycoza-my.sharepoint.com/personal/nik_royalmcgrady_co_za/_layouts/15/onedrive.aspx?id=%2Fpersonal%2Fnik%5Froyalmcgrady%5Fco%5Fza%2FDocuments%2FKutlwanong%20Centers%2FDobsonville%2FGrade%2012%2FNTOKOZO%20VALENTIA%20SIBEKO%2Epdf&parent=%2Fpersonal%2Fnik%5Froyalmcgrady%5Fco%5Fza%2FDocuments%2FKutlwanong%20Centers%2FDobsonville%2FGrade%2012',NULL,NULL);
INSERT INTO learner_learner VALUES(48,'0602085731084','2006-02-08','N',NULL,NULL,'M','zulu',0,'2024-12-03','Buthelezi',2,'0834614166','learner-photos/jst_P0ZN5VH.png','B','Lethukuthula Freedom',5,'https://royalmcgradycoza-my.sharepoint.com/personal/nik_royalmcgrady_co_za/_layouts/15/onedrive.aspx?id=%2Fpersonal%2Fnik%5Froyalmcgrady%5Fco%5Fza%2FDocuments%2FKutlwanong%20Centers%2FDobsonville%2FGrade%2012%2FLETHUKUTHULA%20FREEDOM%20BUTHELEZI%2Epdf&parent=%2Fpersonal%2Fnik%5Froyalmcgrady%5Fco%5Fza%2FDocuments%2FKutlwanong%20Centers%2FDobsonville%2FGrade%2012',NULL,NULL);
INSERT INTO learner_learner VALUES(49,'0701246441086','2007-01-24','N',NULL,NULL,'M','zulu',0,'2024-12-03','Dlamini',2,'0733431810','learner-photos/jst_BJIoWvp.png','B','Nhlanhla',5,'https://royalmcgradycoza-my.sharepoint.com/personal/nik_royalmcgrady_co_za/_layouts/15/onedrive.aspx?id=%2Fpersonal%2Fnik%5Froyalmcgrady%5Fco%5Fza%2FDocuments%2FKutlwanong%20Centers%2FDobsonville%2FGrade%2012%2FNHLANHLA%20DLAMINI%2Epdf&parent=%2Fpersonal%2Fnik%5Froyalmcgrady%5Fco%5Fza%2FDocuments%2FKutlwanong%20Centers%2FDobsonville%2FGrade%2012',NULL,NULL);
INSERT INTO learner_learner VALUES(50,'0612201151083','2006-12-20','N',NULL,NULL,'F','zulu',0,'2024-12-03','Khanyeza',2,'0739838168','learner-photos/jst_oGcZjW4.png','B','Sbahle Vuyo',5,'https://royalmcgradycoza-my.sharepoint.com/personal/nik_royalmcgrady_co_za/_layouts/15/onedrive.aspx?id=%2Fpersonal%2Fnik%5Froyalmcgrady%5Fco%5Fza%2FDocuments%2FKutlwanong%20Centers%2FDobsonville%2FGrade%2012%2FSBAHLE%20VUYO%20KHANYEZA%2Epdf&parent=%2Fpersonal%2Fnik%5Froyalmcgrady%5Fco%5Fza%2FDocuments%2FKutlwanong%20Centers%2FDobsonville%2FGrade%2012',NULL,NULL);
INSERT INTO learner_learner VALUES(51,'0607035601089','2006-07-03','N',NULL,NULL,'M','zulu',0,'2024-12-03','Khumalo',2,'0633345792','learner-photos/jst_6zYQi9I.png','B','Skhumbuzo',5,NULL,NULL,NULL);
INSERT INTO learner_learner VALUES(59,'1234567891234','2008-05-04','Y','to@gmail.com',NULL,'M','english',0,'2025-01-20','Leaner1test',1,'0839023001','learner-photos/jst_9bIcG9E.png','B','test1',5,NULL,NULL,'hearing_impairment');
INSERT INTO learner_learner VALUES(60,'1234567891234','2008-05-04','Y','to@gmail.com',NULL,'M','english',0,'2025-01-20','Leaner1test',1,'0839023001','learner-photos/jst_tiJAMGR.png','B','test1',5,NULL,29,'hearing_impairment');
INSERT INTO learner_learner VALUES(61,'1234567891234','2024-01-30','Y','to@gmail.com',NULL,'M','english',0,'2025-01-20','Momomo',1,'0839023001','learner-photos/jst_ax14GL2.png','B','test1',5,NULL,30,'hearing_impairment');
INSERT INTO sqlite_sequence VALUES('django_migrations',84);
INSERT INTO sqlite_sequence VALUES('teacher_teacher_subjects_taught',16);
INSERT INTO sqlite_sequence VALUES('academic_department',2);
INSERT INTO sqlite_sequence VALUES('academic_grade',3);
INSERT INTO sqlite_sequence VALUES('academic_nationality',2);
INSERT INTO sqlite_sequence VALUES('academic_registration',10);
INSERT INTO sqlite_sequence VALUES('academic_subject',3);
INSERT INTO sqlite_sequence VALUES('account_userprofile',0);
INSERT INTO sqlite_sequence VALUES('address_address',9);
INSERT INTO sqlite_sequence VALUES('address_province',8);
INSERT INTO sqlite_sequence VALUES('django_admin_log',145);
INSERT INTO sqlite_sequence VALUES('attendance_learnerattendance',18);
INSERT INTO sqlite_sequence VALUES('django_content_type',30);
INSERT INTO sqlite_sequence VALUES('auth_permission',120);
INSERT INTO sqlite_sequence VALUES('auth_group',0);
INSERT INTO sqlite_sequence VALUES('auth_user',30);
INSERT INTO sqlite_sequence VALUES('center_manager_center',5);
INSERT INTO sqlite_sequence VALUES('center_manager_centermanager',5);
INSERT INTO sqlite_sequence VALUES('center_manager_designation',0);
INSERT INTO sqlite_sequence VALUES('center_manager_report',0);
INSERT INTO sqlite_sequence VALUES('learner_disability',0);
INSERT INTO sqlite_sequence VALUES('learner_emergencycontact',0);
INSERT INTO sqlite_sequence VALUES('learner_parentguardian',0);
INSERT INTO sqlite_sequence VALUES('learner_supportdocument',0);
INSERT INTO sqlite_sequence VALUES('result_subjectregistration',0);
INSERT INTO sqlite_sequence VALUES('teacher_classroom',11);
INSERT INTO sqlite_sequence VALUES('teacher_teacher',21);
INSERT INTO sqlite_sequence VALUES('teacher_teachercenterassignment',15);
INSERT INTO sqlite_sequence VALUES('teacher_teacher_grade_taught',16);
INSERT INTO sqlite_sequence VALUES('teacher_classroom_learners',31);
INSERT INTO sqlite_sequence VALUES('academic_session',22);
INSERT INTO sqlite_sequence VALUES('teacher_timesheet',20);
INSERT INTO sqlite_sequence VALUES('learner_learner',61);
CREATE UNIQUE INDEX `auth_group_permissions_group_id_permission_id_0cd325b0_uniq` ON `auth_group_permissions` (`group_id`, `permission_id`);
CREATE INDEX `auth_group_permissions_group_id_b120cbf9` ON `auth_group_permissions` (`group_id`);
CREATE INDEX `auth_group_permissions_permission_id_84c5c92e` ON `auth_group_permissions` (`permission_id`);
CREATE UNIQUE INDEX `auth_user_groups_user_id_group_id_94350c0c_uniq` ON `auth_user_groups` (`user_id`, `group_id`);
CREATE INDEX `auth_user_groups_user_id_6a12ed8b` ON `auth_user_groups` (`user_id`);
CREATE INDEX `auth_user_groups_group_id_97559544` ON `auth_user_groups` (`group_id`);
CREATE UNIQUE INDEX `auth_user_user_permissions_user_id_permission_id_14a6b632_uniq` ON `auth_user_user_permissions` (`user_id`, `permission_id`);
CREATE INDEX `auth_user_user_permissions_user_id_a95ead1b` ON `auth_user_user_permissions` (`user_id`);
CREATE INDEX `auth_user_user_permissions_permission_id_1fbb5f2c` ON `auth_user_user_permissions` (`permission_id`);
CREATE UNIQUE INDEX `learner_parentguardian_learners_parentguardian_id_learner_id_6bc4571c_uniq` ON `learner_parentguardian_learners` (`parentguardian_id`, `learner_id`);
CREATE INDEX `learner_parentguardian_learners_parentguardian_id_b6e75ca2` ON `learner_parentguardian_learners` (`parentguardian_id`);
CREATE INDEX `learner_parentguardian_learners_learner_id_9f386064` ON `learner_parentguardian_learners` (`learner_id`);
CREATE UNIQUE INDEX `teacher_teacher_subjects_taught_teacher_id_subject_id_ea388ee0_uniq` ON `teacher_teacher_subjects_taught` (`teacher_id`, `subject_id`);
CREATE INDEX `teacher_teacher_subjects_taught_teacher_id_61caa88b` ON `teacher_teacher_subjects_taught` (`teacher_id`);
CREATE INDEX `teacher_teacher_subjects_taught_subject_id_ad80c294` ON `teacher_teacher_subjects_taught` (`subject_id`);
CREATE UNIQUE INDEX `teacher_classroom_learners_classroom_id_learner_id_c800925a_uniq` ON `teacher_classroom_learners` (`classroom_id`, `learner_id`);
CREATE INDEX `teacher_classroom_learners_classroom_id_24a2e9a1` ON `teacher_classroom_learners` (`classroom_id`);
CREATE INDEX `teacher_classroom_learners_learner_id_f532c983` ON `teacher_classroom_learners` (`learner_id`);
CREATE INDEX `academic_registration_center_id_56793f9a` ON `academic_registration` (`center_id`);
CREATE INDEX `academic_registration_learner_id_3e4ebdfd` ON `academic_registration` (`learner_id`);
CREATE INDEX `address_address_province_id_74315c00` ON `address_address` (`province_id`);
CREATE INDEX `django_admin_log_content_type_id_c4bce8eb` ON `django_admin_log` (`content_type_id`);
CREATE INDEX `django_admin_log_user_id_c564eba6` ON `django_admin_log` (`user_id`);
CREATE UNIQUE INDEX `teacher_teacher_grade_taught_teacher_id_grade_id_2ea06248_uniq` ON `teacher_teacher_grade_taught` (`teacher_id`, `grade_id`);
CREATE INDEX `teacher_teacher_grade_taught_teacher_id_d2dd6e56` ON `teacher_teacher_grade_taught` (`teacher_id`);
CREATE INDEX `teacher_teacher_grade_taught_grade_id_feee8131` ON `teacher_teacher_grade_taught` (`grade_id`);
CREATE UNIQUE INDEX `attendance_learnerattendance_teacher_id_classroom_id_learner_id_date_53a15d9a_uniq` ON `attendance_learnerattendance` (`teacher_id`, `classroom_id`, `learner_id`, `date`);
CREATE INDEX `attendance_learnerattendance_learner_id_d95d9645` ON `attendance_learnerattendance` (`learner_id`);
CREATE INDEX `attendance_learnerattendance_classroom_id_b1e0e8b8` ON `attendance_learnerattendance` (`classroom_id`);
CREATE INDEX `attendance_learnerattendance_teacher_id_8eb1bd30` ON `attendance_learnerattendance` (`teacher_id`);
CREATE UNIQUE INDEX `django_content_type_app_label_model_76bd3d3b_uniq` ON `django_content_type` (`app_label`, `model`);
CREATE UNIQUE INDEX `auth_permission_content_type_id_codename_01ab375a_uniq` ON `auth_permission` (`content_type_id`, `codename`);
CREATE INDEX `auth_permission_content_type_id_2f476e4b` ON `auth_permission` (`content_type_id`);
CREATE INDEX `center_manager_center_address_id_4d59e5d0` ON `center_manager_center` (`address_id`);
CREATE INDEX `center_manager_centermanager_address_id_847764d7` ON `center_manager_centermanager` (`address_id`);
CREATE INDEX `center_manager_report_center_id_62586d73` ON `center_manager_report` (`center_id`);
CREATE INDEX `center_manager_report_center_manager_id_1a5d200c` ON `center_manager_report` (`center_manager_id`);
CREATE INDEX `learner_emergencycontact_address_id_e9af11e6` ON `learner_emergencycontact` (`address_id`);
CREATE INDEX `learner_emergencycontact_learner_id_95375666` ON `learner_emergencycontact` (`learner_id`);
CREATE INDEX `learner_parentguardian_address_id_0801db37` ON `learner_parentguardian` (`address_id`);
CREATE INDEX `learner_supportdocument_learner_id_f5e4c8b3` ON `learner_supportdocument` (`learner_id`);
CREATE INDEX `result_subjectregistration_select_class_id_fdf31e94` ON `result_subjectregistration` (`select_class_id`);
CREATE INDEX `django_session_expire_date_a5c62663` ON `django_session` (`expire_date`);
CREATE INDEX `teacher_classroom_grade_id_53df3492` ON `teacher_classroom` (`grade_id`);
CREATE INDEX `teacher_classroom_subject_id_f5012c21` ON `teacher_classroom` (`subject_id`);
CREATE INDEX `teacher_classroom_teacher_id_4e558b7d` ON `teacher_classroom` (`teacher_id`);
CREATE INDEX `teacher_classroom_center_id_61d5349d` ON `teacher_classroom` (`center_id`);
CREATE INDEX `teacher_teacher_address_id_ed4433c3` ON `teacher_teacher` (`address_id`);
CREATE INDEX `teacher_teacher_department_id_a02601c0` ON `teacher_teacher` (`department_id`);
CREATE INDEX `teacher_teacher_nationality_id_9a8fd4ca` ON `teacher_teacher` (`nationality_id`);
CREATE UNIQUE INDEX `teacher_teachercenterassignment_teacher_id_center_id_start_date_d5f58a34_uniq` ON `teacher_teachercenterassignment` (`teacher_id`, `center_id`, `start_date`);
CREATE INDEX `teacher_teachercenterassignment_center_id_8e7f7c1f` ON `teacher_teachercenterassignment` (`center_id`);
CREATE INDEX `teacher_teachercenterassignment_teacher_id_7ca34bb8` ON `teacher_teachercenterassignment` (`teacher_id`);
CREATE INDEX `academic_session_grade_id_74324588` ON `academic_session` (`grade_id`);
CREATE INDEX `academic_session_subject_id_c166ea7a` ON `academic_session` (`subject_id`);
CREATE INDEX `teacher_timesheet_session_id_35729038` ON `teacher_timesheet` (`session_id`);
CREATE INDEX `teacher_timesheet_teacher_id_ca301587` ON `teacher_timesheet` (`teacher_id`);
CREATE INDEX `learner_learner_nationality_id_7e4941a3` ON `learner_learner` (`nationality_id`);
CREATE INDEX `learner_learner_center_id_d0943d99` ON `learner_learner` (`center_id`);
COMMIT;
